root,c1419
c1419,c343
c343,c1173
c1173,c326
c326,c1212
c1212,c505
c1212,s160
c505,c1175
c505,s947
c1175,c1133
c1175,s255
c1175,s743
c1133,c42
c1133,s848
c42,c1319
c42,s708
c1319,c1273
c1319,s283
c1273,c345
c1273,s109
c345,c1012
c1012,c195
c195,c740
c195,s66
c740,c452
c452,c1264
c452,s154
c452,s746
c1264,c1205
c1205,c498
c1205,s695
c498,c235
c235,c848
c235,s369
c235,s513
c848,c1448
c848,s967
c1448,c674
c1448,s274
c674,c172
c674,s749
c172,c912
c172,s915
c912,c990
c990,c174
c174,c833
c174,s430
c174,s849
c833,c1474
c833,s257
c1474,c1359
c1359,c1382
c1359,s184
c1382,c1150
c1150,c560
c1150,s662
c560,c360
c360,c47
c47,c358
c358,c171
c171,c938
c171,s50
c171,s443
c171,s924
c938,c629
c938,s161
c629,c1347
c629,s628
c1347,c567
c567,c890
c890,c175
c175,c1073
c1073,c115
c115,c1064
c115,s482
c1064,c646
c1064,s903
c646,c394
c394,c116
c394,s133
c116,c891
c116,s62
c116,s579
c891,c317
c891,s146
c891,s679
c317,c493
c493,c28
c493,s285
c493,s330
c493,s444
c28,c226
c28,s337
c226,c811
c811,c852
c852,c1437
c852,s316
c852,s342
c1437,c820
c820,c1240
c1240,c156
c156,c1434
c156,s595
c1434,c529
c529,c769
c769,c430
c769,s248
c769,s308
c430,c633
c633,c1321
c1321,c1183
c1183,c481
c1183,s353
c481,c1124
c1124,c268
c1124,s135
c1124,s459
c268,c1342
c1342,c907
c1342,s258
c1342,s816
c907,c692
c907,s14
c692,c883
c883,c754
c754,c117
c117,c1356
c117,s437
c117,s503
c1356,c464
c464,c576
c576,c244
c244,c1245
c244,s815
c1245,c167
c1245,s693
c167,c271
c167,s622
c271,c168
c271,s896
c168,c944
c168,s604
c944,c570
c944,s652
c570,c45
c45,c1086
c45,s163
c1086,c1069
c1086,s49
c1086,s926
c1069,c273
c1069,s202
c273,c592
c273,s655
c592,c997
c997,c1286
c997,s505
c1286,c434
c434,c1446
c434,s636
c434,s901
c1446,c303
c1446,s839
c303,c442
c442,c459
c459,c490
c459,s603
c490,c863
c490,s576
c863,c864
c864,c80
c864,s61
c80,c756
c80,s700
c80,s734
c756,c1490
c756,s739
c1490,c427
c1490,s191
c1490,s790
c427,c109
c427,s621
c109,c1410
c1410,c8
c1410,s344
c8,c1095
c8,s797
c8,s978
c1095,c1085
c1095,s162
c1095,s175
c1085,c350
c1085,s137
c1085,s224
c1085,s678
c1085,s944
c350,c82
c82,c243
c243,c1118
c1118,c290
c1118,s838
c290,c671
c290,s282
c671,c1237
c1237,c537
c1237,s5
c1237,s582
c537,c536
c537,s953
c536,d1
d1,c1400
c1400,c946
c1400,s39
c946,c1106
c1106,c758
c1106,s370
c758,c1172
c758,s355
c1172,c1393
c1172,s975
c1393,c331
c331,c19
c19,c795
c19,s383
c795,c408
c795,s683
c408,c575
c575,c330
c330,c1108
c1108,c513
c513,c1128
c1128,c32
c32,c1232
c1232,c710
c710,c986
c986,c675
c986,s616
c675,c1165
c675,s534
c675,s677
c675,s837
c1165,c209
c1165,s105
c209,c1279
c209,s641
c1279,c136
c136,c46
c136,s909
c46,c279
c46,s69
c46,s300
c279,c584
c279,s398
c279,s736
c584,c1130
c584,s324
c1130,c987
c987,c123
c123,c914
c123,s40
c914,c969
c914,s189
c969,c1215
c969,s199
c1215,c568
c568,c889
c889,c1491
c889,s93
c1491,c527
c1491,s755
c527,c799
c527,s786
c799,c685
c685,c587
c685,s673
c587,c220
c220,c841
c220,s793
c841,c1203
c841,s139
c1203,c143
c143,c708
c708,c992
c708,s186
c708,s315
c992,c631
c631,c1219
c631,s106
c631,s323
c631,s844
c631,s857
c1219,c1162
c1162,c1254
c1254,c734
c1254,s1
c1254,s309
c734,c1224
c1224,c606
c1224,s403
c606,c1304
c606,s684
c606,s950
c1304,c518
c518,c950
c950,c285
c950,s502
c950,s586
c285,c1338
c1338,c1023
c1338,s469
c1023,c1274
c1274,c242
c242,c828
c242,s866
c242,s883
c828,c365
c365,c1421
c365,s428
c365,s483
c1421,c57
c57,c262
c57,s271
c262,c103
c103,c1065
c1065,c1021
c1021,c1144
c1021,s2
c1021,s73
c1021,s83
c1144,c1030
c1144,s317
c1144,s480
c1030,c1156
c1030,s525
c1156,c134
c1156,s648
c134,c1014
c134,s646
c1014,c329
c1014,s195
c329,c419
c329,s190
c419,c159
c419,s312
c419,s908
c159,c1209
c1209,c1121
c1209,s806
c1121,c507
c1121,s95
c507,c770
c770,c267
c267,c367
c267,s297
c367,c577
c577,c337
c337,c151
c151,c829
c151,s192
c151,s712
c829,c996
c829,s275
c996,c871
c996,s52
c871,c495
c871,c745
c871,s477
c495,c669
c495,s97
c495,s433
c669,c1197
c669,s168
c1197,c36
c1197,s318
c36,c441
c441,c744
c744,c1459
c744,s744
c744,s770
c1459,c1135
c1459,s925
c1135,c1247
c1247,c1146
c1146,c1466
c1146,s716
c1466,c1169
c1466,s70
c1466,s732
c1169,c1394
c1394,c37
c37,c1187
c1187,c1031
c1187,s214
c1187,s587
c1031,c487
c487,c578
c487,s470
c578,c0
c578,s892
c0,c1019
c0,s217
c1019,c512
c512,c1249
c512,s164
c1249,c591
c1249,s149
c1249,s846
c591,c840
c591,s26
c745,c284
c745,s332
c840,c1296
c284,c1343
c284,s508
c1343,c1226
c1343,s279
c1296,c626
c626,c528
c626,s976
c528,c412
c412,c1447
c1226,c336
c1447,c467
c1447,s939
c1447,s963
c467,c1010
c467,s759
c467,s906
c1010,c1037
c336,c928
c336,s395
c928,c658
c658,c712
c658,s27
c712,c1153
c712,s532
c1037,c702
c1037,s473
c1037,s612
c1153,c823
c702,c942
c823,c930
c930,c680
c930,s454
c680,c233
c680,s441
c680,s886
c233,c1039
c233,s338
c1039,c605
c605,c436
c436,c599
c436,s343
c599,c1053
c599,s254
c1053,c1387
c1053,s269
c942,c444
c942,s687
c1387,c1238
c444,c1077
c444,s87
c444,s644
c1077,c93
c1077,s232
c93,c49
c1238,c960
c49,c1092
c49,s690
c49,s714
c1092,c1322
c1322,c185
c185,c437
c437,c1423
c437,s326
c960,c83
c960,s362
c960,s721
c83,c1358
c83,s150
c1423,c729
c1358,c341
c1358,s548
c729,c321
c341,c494
c341,s801
c494,c34
c494,s692
c34,c1074
c34,s178
c321,c630
c630,c515
c630,s339
c630,s804
c1074,c866
c1074,s295
c1074,s524
c515,c771
c771,c1425
c1425,c380
c380,c342
c342,c318
c318,c377
c866,c602
c602,c382
c602,s841
c377,c249
c249,c275
c249,s448
c249,s873
c382,c184
c382,s263
c184,c830
c275,c240
c275,s607
c830,c67
c67,c1102
c1102,d2
d2,c158
c158,c472
c158,s694
c472,c1154
c240,c610
c610,c1314
c610,c39
c1314,c1275
c1275,c1497
c1275,s661
c1275,s957
c1497,c1068
c1497,s455
c1068,c388
c1068,s378
c388,c624
c388,s489
c388,s968
c1154,c1026
c624,c224
c224,c1022
c224,s529
c39,c1315
c1315,c971
c1022,c524
c971,c1293
c971,s569
c524,c1433
c524,s740
c1433,c774
c1433,s401
c1293,c1251
c1251,c1035
c1026,c787
c774,c211
c211,c208
c208,c506
c787,c1291
c506,c1181
c506,s900
c1035,c594
c1035,s364
c1181,c261
c261,c347
c261,s653
c594,c371
c347,c153
c1291,c230
c153,c189
c189,c1395
c230,c1016
c371,c314
c371,s204
c1016,c89
c89,c1417
c89,s688
c1395,c99
c1395,s114
c314,c145
c145,c73
c145,s183
c145,s506
c99,c102
c1417,c112
c112,c569
c102,c75
c102,s802
c73,c1029
c73,s637
c1029,c1151
c1029,s965
c75,c288
c75,s268
c75,s951
c1151,c644
c569,c687
c569,s516
c569,s619
c288,c763
c288,s296
c288,s494
c687,c514
c687,s31
c687,s535
c763,c422
c422,c1136
c514,c765
c514,s306
c1136,c662
c1136,s979
c662,c873
c765,c418
c644,c79
c79,c391
c391,c1267
c391,s215
c873,c1318
c873,s100
c873,s664
c418,c1413
c418,s386
c1413,c323
c323,c973
c323,s757
c1318,c470
c1318,s674
c1318,s959
c470,c96
c973,c572
c572,c1177
c572,s187
c96,c998
c1177,c277
c998,c1202
c998,s200
c1202,c354
c277,c455
c277,s60
c277,s867
c1267,c1004
c1267,s166
c354,c895
c354,s634
c354,s884
c455,c1166
c1004,c362
c1004,s596
c1166,c71
c71,c778
c778,c1043
c778,s47
c778,s142
c778,s359
c778,s932
c1043,c850
c895,c278
c895,s741
c895,s828
c362,c563
c362,s336
c362,s352
c850,c904
c850,s938
c563,c322
c563,s43
c563,s206
c563,s462
c278,c1405
c904,c401
c1405,c1006
c1405,s384
c401,c282
c322,c281
c282,c547
c547,c359
c547,s236
c359,c827
c359,s346
c359,s417
c281,c1063
c1063,c648
c827,c76
c827,s44
c76,c7
c76,s128
c648,c932
c932,c1453
c1006,c1357
c7,c1164
c1164,c1475
c1164,s464
c1453,c511
c1475,c128
c511,c781
c511,s16
c511,s874
c781,c48
c48,c673
c673,c410
c128,c966
c966,c1199
c1357,c460
c410,c485
c410,s265
c410,s851
c460,c12
c460,s738
c460,s809
c1199,c1411
c1411,c967
c1411,s518
c1411,s798
c967,c379
c967,s650
c967,s983
c12,c913
c485,c147
c913,c898
c898,c411
c411,c1380
c411,s526
c411,s577
c147,c162
c162,c328
c162,s818
c1380,c995
c1380,s495
c995,c1354
c995,s486
c995,s778
c995,s865
c379,c363
c379,s966
c379,s972
c1354,c1383
c1354,s487
c1383,c604
c1383,s440
c328,c1268
c363,c731
c363,s145
c1268,c1378
c731,c420
c731,s350
c1378,c724
c420,d3
c420,s584
c420,s882
c724,c1426
c724,s75
c1426,c1297
c1426,s140
c1297,c264
c264,c1152
c604,c779
c604,s476
c604,s517
d3,c29
d3,s119
d3,s240
d3,s763
c1152,c749
c29,c643
c29,s305
c779,c1062
c1062,c1464
c1062,s936
c749,c818
c643,c482
c818,c816
c818,s895
c816,c64
c816,s937
c64,c101
c64,s11
c1464,c1428
c1428,c1110
c1428,s325
c1110,c1482
c1110,c1320
c1482,c1499
c482,c1194
c482,s278
c1499,c887
c1194,c1239
c101,c565
c101,s391
c101,s600
c887,c157
c565,c1112
c1112,c544
c1112,s431
c1112,s597
c157,c804
c804,c705
c1239,c963
c705,c732
c963,c652
c652,c173
c652,s382
c732,c837
c732,s762
c837,c1409
c1409,c1439
c1439,c976
c1439,s698
c1439,s703
c544,c525
c544,s554
c173,c618
c173,s203
c525,c503
c525,s670
c618,c324
c503,c221
c324,c266
c221,c1467
c1467,c1306
c1306,c9
c266,c190
c976,c748
c976,s685
c748,c1478
c190,c1196
c190,s34
c9,c1392
c1196,c107
c1478,c196
c1392,c855
c1392,s888
c855,c874
c855,s578
c196,c1080
c1080,c1
c874,c598
c1,c1333
c1,s730
c1,s808
c1333,c319
c598,c993
c598,s418
c319,c1402
c319,s618
c993,c1307
c1307,c1487
c107,c516
c107,s832
c1402,c375
c1402,s392
c1487,c133
c133,c877
c375,c972
c877,c1399
c877,s427
c972,c865
c972,s4
c1399,c1398
c1399,s389
c516,c620
c865,c713
c713,c352
c713,s360
c713,s447
c1398,c1155
c1398,s246
c1155,c854
c352,c1191
c620,c4
c620,s436
c854,c802
c802,c1445
c802,s67
c802,s456
c4,c440
c4,s35
c4,s241
c1191,c409
c1445,c1389
c1445,s406
c440,c757
c757,c556
c757,s108
c409,c306
c306,c1431
c306,s407
c1389,c1198
c556,c77
c1198,c807
c807,c315
c315,c260
c315,s719
c1431,c164
c77,c551
c77,s218
c260,c1353
c164,c1300
c1353,c276
c551,c911
c551,s449
c551,s702
c911,c893
c911,s90
c893,c154
c893,s423
c893,s563
c1300,c423
c423,c1349
c423,s537
c276,c589
c276,s311
c276,s421
c154,c447
c447,c1287
c447,s36
c447,s522
c447,s826
c1349,c1090
c1349,s599
c1349,s784
c1349,s928
c1090,c404
c404,c706
c706,c3
c3,c984
c1287,c1024
c984,c641
c589,c301
c1024,c983
c1024,s231
c301,c735
c735,c416
c641,c581
c983,c1460
c1460,c1038
c1320,c1054
c1038,c325
c416,c947
c1054,c148
c1054,s42
c1054,s651
c148,c597
c581,c696
c696,c672
c597,c307
c597,s682
c947,c407
c325,c902
c672,c531
c407,c1424
c902,c381
c902,s165
c1424,c957
c1424,s631
c531,c165
c531,s156
c531,s853
c307,c1180
c381,c1403
c381,s911
c165,d4
c165,s528
d4,c1452
d4,s259
c1180,c1481
c1481,c139
c139,c291
c1452,c905
c1403,c207
c1403,s301
c905,c842
c291,c679
c291,s129
c291,s267
c291,s852
c207,c1301
c842,c431
c842,s545
c679,c768
c957,c921
c957,s544
c1301,c1242
c431,c627
c627,c1284
c1242,c402
c402,c1397
c768,c651
c768,s12
c1397,c625
c1397,s290
c1284,c677
c651,c236
c236,c1271
c236,s19
c625,c545
c545,c286
c545,s887
c921,c458
c458,c1292
c1271,c1000
c1292,c1113
c1292,s665
c1292,s817
c286,c917
c917,c62
c917,s792
c1000,c462
c462,c30
c462,s624
c462,s864
c62,c1313
c62,s842
c1313,c792
c1313,s92
c1113,c1470
c1113,s222
c792,c378
c1470,c392
c1470,s752
c30,c182
c30,s415
c30,s625
c392,c246
c246,c622
c246,s221
c182,c559
c182,s169
c378,c715
c715,c1109
c622,c1444
c622,s174
c622,s766
c559,c1468
c559,s357
c559,s676
c1109,c1489
c1109,s758
c1489,c751
c1489,s858
c677,c645
c1468,c69
c1468,s777
c1468,s814
c645,c454
c645,s366
c751,c634
c1444,c533
c1444,s294
c454,c1406
c634,c1017
c533,c327
c327,c834
c1406,c122
c1017,c616
c1017,s425
c616,c931
c616,s555
c834,c1082
c931,c229
c229,c1081
c229,s514
c69,c667
c1082,c1269
c1082,s394
c1269,c805
c1269,s981
c667,c1479
c122,c1480
c122,s185
c1081,c489
c805,c1127
c805,s985
c1127,c1252
c1479,c747
c1479,s54
c1479,s365
c747,c812
c747,s948
c1252,c1362
c1362,c831
c812,c1207
c812,s113
c489,c1220
c1480,c1134
c1480,s377
c1480,s850
c1134,c676
c1134,s507
c831,c716
c676,c1381
c676,s170
c676,s345
c1381,c446
c1381,s881
c446,c132
c446,s823
c1220,c1430
c1207,c241
c716,c1256
c716,s942
c1430,c929
c132,c292
c132,s756
c929,c1104
c929,s941
c292,c1463
c1256,c1149
c1463,c198
c1463,s491
c241,c813
c241,s208
c241,s691
c1149,c790
c1149,s64
c198,c772
c1104,c1327
c1327,c496
c772,c339
c772,s3
c772,s546
c813,c808
c496,c1107
c496,s159
c496,s249
c1107,c212
c1107,s176
c808,c1075
c790,c752
c790,s564
c212,c1325
c339,c764
c339,s780
c1075,c1352
c764,c722
c1325,c1375
c1325,s239
c1375,c611
c1375,s59
c1375,s620
c752,c149
c149,c1190
c149,s372
c1352,c270
c1190,c720
c720,c719
c719,c733
c722,c386
c722,s194
c722,s581
c722,s920
c386,c1231
c270,c304
c270,s560
c1231,c1265
c1231,s807
c1265,c389
c304,c843
c733,c962
c733,s118
c389,c130
c130,c910
c130,s479
c843,c66
c843,s986
c910,c1360
c611,c94
c611,s171
c66,c35
c66,s229
c66,s663
c962,c639
c639,c786
c639,s699
c1360,c821
c1360,s329
c94,c647
c35,c1189
c786,c557
c786,s28
c557,c1099
c1189,c310
c1189,s497
c821,c1033
c821,c686
c310,c126
c310,s585
c126,c1174
c647,c1285
c647,s922
c1174,c1059
c1174,s111
c1033,c258
c1285,c150
c150,c509
c150,s474
c150,s827
c509,c896
c509,s230
c509,s668
c896,c844
c896,s77
c1059,c593
c593,c558
c593,s515
c593,s843
c558,c256
c256,c1461
c844,c92
c92,c550
c550,c1340
c1099,c1253
c1099,s393
c1099,s542
c258,c1216
c1340,c743
c1340,s575
c1340,s706
c743,c1412
c1216,c1018
c1216,s180
c1412,c183
c1253,c1441
c1253,s492
c1253,s675
c1253,s821
c1018,c985
c1018,c1345
c1018,s197
c1441,c299
c985,c308
c308,c1114
c1461,c421
c1114,c160
c1114,s348
c421,c161
c160,c777
c299,c543
c299,s196
c777,c650
c777,s141
c777,s591
c543,c1126
c543,s902
c183,c1336
c1126,c225
c1126,s794
c161,c176
c176,c637
c1336,c1015
c225,c701
c225,s181
c637,c223
c637,s519
c1015,c1094
c1015,s280
c650,c368
c1094,c1235
c368,c517
c368,s471
c368,s623
c223,c958
c958,c106
c701,c1351
c517,c1005
c106,c580
c1351,c964
c1351,s504
c580,c707
c580,s307
c580,s859
c1005,c664
c1005,s0
c1005,s358
c1005,s446
c1235,c1052
c707,c1218
c1218,c760
c1052,c978
c1052,s484
c1052,s733
c1052,s803
c964,c1143
c964,s24
c964,s228
c964,s847
c1143,c739
c664,c1280
c664,s281
c978,c13
c978,s594
c978,s943
c739,c553
c553,c636
c636,c492
c636,s647
c13,c789
c789,c741
c789,s81
c1280,c1278
c741,c665
c492,c399
c492,s116
c492,s877
c760,c372
c760,s689
c760,s880
c399,c415
c399,s481
c415,c349
c415,s834
c1278,c819
c819,c204
c349,c1272
c1272,c601
c665,c376
c665,s557
c204,c809
c809,c232
c376,c761
c686,c1229
c1229,c762
c601,c1309
c1309,c1049
c1309,s800
c761,c438
c761,s41
c761,s659
c761,s789
c1049,c186
c1049,s574
c232,c1288
c186,c965
c1288,c137
c1288,s207
c762,c926
c372,c98
c965,c690
c98,c228
c98,s592
c926,d5
d5,c1208
c1208,c717
c1208,s540
c137,c1329
c137,s710
c438,c839
c438,s498
c228,c566
c839,c1477
c839,s63
c839,s260
c839,s490
c1329,c989
c1329,s919
c566,c635
c635,c941
c635,s611
c1477,c227
c690,c959
c690,s102
c690,s715
c989,c623
c227,c846
c941,c711
c959,c1228
c1228,c52
c52,c1250
c52,s153
c711,c590
c1250,c617
c623,c188
c623,s65
c617,c504
c504,c1363
c504,s152
c717,c265
c717,s23
c590,c296
c1363,c1401
c1401,c1168
c188,c968
c846,c1056
c846,s729
c1056,c849
c968,c1276
c265,c425
c849,c289
c1276,c704
c296,c43
c296,s103
c43,c530
c1168,c1373
c1168,s273
c425,d6
c530,c660
c530,s410
c704,c615
c615,c621
c615,s499
c615,s782
c621,c1111
c621,c179
c621,s523
c1373,c867
d6,c200
c660,c180
c660,s101
c200,c1047
c200,s488
c1047,c476
c1047,s589
c289,c1233
c289,s400
c289,s918
c867,c1178
c1178,c977
c180,c131
c131,c5
c131,s568
c131,s774
c131,s879
c977,c104
c977,s242
c977,s530
c476,c259
c476,s672
c1111,c663
c663,c316
c259,c886
c259,s635
c886,c1346
c886,s451
c886,s558
c1233,c548
c1233,s658
c104,c197
c104,s426
c548,c1160
c548,s889
c316,c1087
c316,s725
c1087,c219
c1087,s132
c1087,s211
c219,c814
c1160,c1282
c1160,s465
c1160,s496
c1160,s541
c5,c1471
c1471,c1379
c1471,s955
c1471,s974
c814,c141
c1379,c38
c1282,c1451
c1282,s237
c141,c899
c197,c1486
c1451,c876
c38,c74
c899,c222
c899,s390
c876,c199
c1486,c449
c449,c1158
c1346,c872
c222,c1294
c199,c1011
c74,c393
c74,s927
c393,c95
c393,s302
c872,c251
c872,s457
c1158,c683
c1294,c1317
c1294,s78
c1317,c488
c95,c205
c683,c413
c683,s112
c205,c1115
c1115,c1305
c1115,s910
c1011,c523
c251,c535
c251,s408
c251,s458
c488,c1230
c535,c860
c535,s977
c1230,c526
c526,c1009
c526,s590
c1345,c1119
c413,c1339
c860,c684
c1119,c859
c684,c142
c1339,c1206
c1009,c994
c1009,s875
c1305,c879
c859,c939
c523,c426
c523,s862
c426,c479
c479,c1213
c879,c924
c879,s681
c879,s775
c924,c97
c939,c582
c939,s157
c994,c1450
c582,c586
c582,s179
c1213,c193
c1213,s556
c193,c1438
c193,s57
c193,s501
c1450,c428
c428,c400
c428,s15
c428,s704
c428,s868
c1438,c1103
c1438,s333
c1438,s583
c400,c916
c400,s310
c400,s956
c586,c1432
c1206,c27
c1206,s134
c1103,c1076
c1103,s262
c916,c856
c1432,c1331
c1432,s666
c97,c1427
c856,c1364
c856,s399
c856,s411
c856,s485
c1331,c405
c1331,s810
c27,c900
c27,s861
c1076,c1170
c1076,s891
c1170,c1042
c405,c1176
c405,s580
c142,c726
c900,c1258
c1042,c44
c1042,s373
c1042,s626
c1176,c1046
c1364,c1060
c1364,s931
c1060,c858
c1060,s288
c1427,c1361
c1427,s452
c1427,s799
c1361,c201
c1361,s91
c1361,s210
c726,c1210
c1258,c1488
c1258,s713
c44,c1195
c44,s946
c1195,c1496
c1195,s8
c1195,s130
c201,c114
c201,s860
c1488,c728
c1488,s705
c1496,c878
c1496,c384
c728,c862
c858,c1025
c858,s547
c114,c255
c255,c1337
c1025,c1120
c1025,s298
c1210,c1442
c1210,s334
c1210,s686
c1120,c1161
c1161,c1366
c1161,s429
c862,c1048
c1337,c252
c1337,s313
c1048,c884
c1048,s252
c1048,s633
c1442,c564
c1366,c63
c564,c1221
c564,s46
c1221,c861
c884,c140
c252,c1281
c252,s234
c140,c118
c878,c953
c1046,c294
c118,c546
c179,c681
c179,s304
c294,c202
c1281,c718
c1281,s347
c1281,s638
c546,c1067
c953,c152
c953,s292
c718,c1117
c718,s904
c152,c456
c152,s6
c681,c1498
c1067,c473
c1067,s396
c1067,s893
c473,c703
c473,s104
c473,s934
c1117,c554
c1117,s435
c861,c607
c861,s617
c703,c954
c703,s593
c456,c192
c456,s172
c63,c981
c1498,c579
c1498,s510
c202,c1159
c202,s277
c202,s319
c554,c435
c554,s143
c192,c699
c981,c1330
c699,c1465
c607,c1455
c579,c678
c954,c836
c954,s760
c435,c682
c435,s314
c836,c417
c1455,d7
c682,c628
d7,c721
d7,s9
d7,s412
c1159,c892
c1465,c1248
c628,c1385
c628,s68
c417,c991
c417,s188
c678,c429
c678,s251
c429,c1241
c721,c1495
c721,s538
c1495,c881
c1495,s527
c1241,c424
c1241,s148
c1248,c502
c1248,s520
c1330,c908
c1385,c1137
c502,c353
c353,c1223
c353,s74
c353,s565
c424,c374
c424,s25
c424,s878
c1223,c920
c908,c800
c920,c65
c892,c1404
c892,s293
c892,s536
c800,c247
c800,s709
c1137,c370
c247,c51
c247,s136
c991,c619
c374,c1186
c374,s854
c1186,c1089
c65,c287
c619,c100
c619,s610
c100,c659
c100,s320
c100,s961
c1089,c295
c51,c124
c287,c1263
c287,s791
c1263,c1257
c1263,s127
c1263,s349
c881,c694
c694,c213
c124,c835
c124,s737
c835,c451
c835,s413
c213,c1217
c295,c562
c295,s209
c295,s335
c1217,c1171
c562,c853
c384,c257
c384,c817
c659,c668
c659,s549
c257,c457
c257,s720
c668,c1182
c853,c555
c555,c471
c1404,c653
c1404,s654
c653,c16
c471,c355
c471,s158
c355,c1391
c1391,c1344
c1391,s38
c370,c448
c370,s461
c370,s914
c457,c922
c457,s94
c457,s151
c457,s723
c451,c649
c448,c414
c448,s656
c922,c163
c1171,c110
c110,c801
c1257,c903
c163,c1348
c1344,c782
c1348,c348
c1348,c1002
c649,c869
c649,s122
c414,c737
c782,c1097
c782,s177
c903,c1390
c903,s717
c348,c1227
c348,s363
c348,s573
c737,c31
c16,c500
c16,s20
c16,s30
c500,c135
c869,c603
c869,s380
c1390,c1262
c1390,s475
c1097,c1350
c1097,s609
c1262,c600
c1350,c793
c801,c1492
c801,s123
c801,s606
c135,c727
c135,s284
c135,s472
c793,c187
c1182,c120
c31,c714
c31,s467
c1227,c796
c1227,s438
c727,c1374
c120,c933
c933,c595
c595,c483
c595,s643
c483,c1041
c603,c248
c603,s82
c796,c775
c714,c549
c714,s193
c775,c113
c113,c935
c549,c1001
c248,c1469
c935,c838
c935,s962
c935,s980
c1374,c596
c1492,c1148
c1148,c373
c1148,s397
c1148,s899
c600,c730
c600,s460
c1469,c759
c759,c166
c1041,c169
c1041,s340
c373,c1259
c1259,c1429
c1259,s48
c838,c1040
c838,s182
c596,c210
c596,s33
c596,s811
c596,s835
c596,s958
c596,s969
c187,c1485
c187,s356
c187,s916
c1001,c274
c274,c1193
c1429,c508
c169,c272
c169,s649
c169,s831
c730,c364
c730,s615
c508,c573
c364,c870
c364,s921
c870,c90
c1040,c15
c1040,s29
c1040,s144
c1040,s836
c1193,c293
c1193,c949
c166,c988
c210,c78
c210,s434
c272,c691
c272,s639
c272,s769
c817,c396
c396,c191
c396,s225
c293,c1163
c191,c215
c988,c70
c988,s125
c1485,c700
c691,c297
c691,s72
c215,c280
c700,c1058
c700,s442
c297,c1243
c297,s917
c280,c561
c280,s256
c280,s897
c90,c522
c90,s327
c90,s640
c1163,c26
c1163,s247
c70,c1323
c561,c1335
c561,s405
c1335,c822
c15,c1123
c15,s731
c1323,c1045
c1323,s424
c1243,c1028
c1045,c309
c1058,c305
c1123,c298
c1123,s559
c822,c614
c822,s173
c614,c882
c614,s478
c78,c486
c78,s571
c78,s768
c78,s856
c486,c433
c949,c398
c949,s984
c398,c33
c398,s660
c309,c767
c882,c541
c26,c1311
c1311,c612
c612,c1147
c1028,c1096
c1147,c385
c1147,s51
c433,c1476
c1476,c23
c1476,s870
c522,c1091
c385,c311
c385,s788
c385,s982
c298,c111
c541,c532
c111,c1055
c573,d8
c1096,c824
c1096,s533
c824,c484
c824,s71
c824,s869
c1055,c510
c1055,s385
c1091,c1440
c1091,s376
c305,c445
c23,c1078
d8,c1369
d8,s79
c1440,c951
c1078,c1036
c1078,s419
c532,c1408
c532,s76
c532,s751
c532,s863
c33,c178
c33,s322
c1369,c806
c1369,s949
c806,c783
c510,c915
c510,s287
c915,c332
c915,s543
c311,c1386
c332,c1443
c1408,c466
c1408,s785
c783,c519
c178,c1414
c178,s614
c178,s940
c1386,c2
c767,c897
c445,c1456
c445,s539
c951,c55
c484,c1008
c484,s361
c484,s820
c897,c1266
c1266,c1416
c466,c788
c1002,c901
c1416,c1188
c1416,s13
c1416,s531
c1416,s588
c1414,c588
c1414,s53
c788,c61
c61,c1457
c61,s99
c1008,c1458
c55,c695
c1458,c894
c1458,s439
c1458,s572
c1188,c390
c390,c1132
c1456,c119
c119,c87
c894,c14
c695,c982
c695,s86
c695,s138
c588,c1211
c87,c406
c87,s264
c406,c794
c406,s201
c1036,c956
c982,c1473
c982,s55
c982,s697
c956,c60
c2,c11
c60,c1222
c1222,c366
c1222,s871
c794,c766
c794,s761
c766,c1310
c519,c1384
c519,s964
c1443,c975
c11,c927
c366,c1020
c927,c784
c927,s601
c1384,c970
c1384,c868
c901,c1098
c1457,c1116
c1310,c655
c975,c214
c214,c776
c1116,c613
c613,c538
c613,s829
c1098,c312
c1473,c937
c1211,c439
c655,c238
c655,s409
c655,s669
c655,s726
c1132,c656
c538,c826
c538,s379
c656,c1027
c656,s261
c1027,c395
c1027,s453
c238,c974
c14,c450
c14,s368
c14,s954
c784,c880
c826,c129
c826,s213
c776,c945
c776,s552
c395,c181
c395,s367
c974,c1200
c974,s567
c974,s845
c312,c1483
c312,s605
c181,c1236
c181,s89
c181,s742
c450,c1100
c1236,c934
c1100,c1244
c1100,s570
c1100,s711
c1100,s913
c945,c688
c1020,c234
c1020,s402
c934,c1032
c934,s167
c129,c1131
c129,s98
c439,c753
c439,s212
c1244,c1367
c1244,s80
c970,c138
c970,s238
c937,c810
c937,s561
c1483,c1289
c1483,s374
c1289,c1328
c1289,s96
c880,c736
c138,c403
c138,s645
c1367,c216
c810,c1225
c403,c351
c234,c1072
c234,c203
c234,s84
c234,s813
c1032,c81
c1032,s226
c1072,c283
c1072,s608
c1131,c250
c688,c1260
c688,s935
c351,c254
c351,s276
c753,c54
c753,s10
c1225,c1204
c1225,s17
c1200,c773
c736,c1145
c283,c583
c283,s468
c283,s551
c283,s971
c254,c847
c773,c340
c773,s422
c1204,c344
c54,c1365
c340,c356
c340,s244
c340,s905
c340,s912
c1328,c1139
c216,c1435
c216,s945
c847,c670
c847,s812
c847,s898
c583,c56
c583,s56
c583,s632
c344,c58
c344,s22
c344,s680
c344,s718
c1260,c885
c1435,c218
c1139,c25
c1365,c906
c218,c463
c56,c948
c25,c21
c25,s216
c25,s876
c356,c1472
c906,c217
c58,c539
c81,c1494
c250,c1051
c250,s107
c670,c1185
c217,c239
c539,c108
c539,s387
c239,c68
c239,s747
c203,c313
c203,s21
c203,s952
c885,c334
c948,c105
c948,s764
c1145,c40
c1145,s824
c108,c952
c108,s776
c952,c1093
c334,c86
c334,s37
c40,c1214
c40,s416
c1494,c1184
c1494,s198
c1494,s728
c1051,c231
c1214,c432
c1185,c1083
c1184,c520
c1083,c542
c463,c1415
c463,s253
c105,c940
c105,s771
c1415,c125
c1415,s781
c125,c333
c868,c1246
c868,s328
c21,c1303
c1303,c1071
c1246,c20
c1071,c552
c1071,s58
c1071,s223
c542,c121
c542,s85
c68,c1420
c1420,c1299
c20,c361
c333,c1422
c333,s566
c520,c269
c1299,c497
c552,c72
c121,c474
c121,s642
c72,c585
c497,c1050
c86,c1396
c86,s147
c86,s432
c585,c1295
c585,s840
c1422,c803
c1422,s890
c1472,c1376
c269,c335
c474,c1079
c313,c1140
c313,s493
c1376,c1066
c361,c1308
c803,c478
c432,c397
c432,s765
c478,c1201
c1308,c632
c1050,c1368
c1396,c845
c335,c1141
c1368,c465
c1368,s388
c1141,c640
c1295,c1179
c1079,c320
c465,c1283
c231,c918
c231,s750
c918,c300
c300,c1167
c300,s7
c1283,c383
c1283,s351
c1179,c1234
c1093,c1388
c1093,s894
c1140,c851
c1140,s331
c1066,c1332
c320,c709
c383,c698
c1234,c540
c640,c534
c709,c1377
c709,s500
c1388,c237
c237,c693
c237,s45
c1201,c1298
c397,c443
c940,c24
c1332,c857
c845,c574
c851,c253
c851,s115
c851,s291
c851,s627
c632,c50
c632,s779
c574,c194
c534,c144
c1298,c1407
c1298,s121
c1298,s630
c540,c85
c540,s466
c85,c1484
c1484,d9
c1377,c1138
c1377,s270
c693,c88
c693,s219
c88,c1084
c88,s299
c443,c84
c1407,c6
c1407,s707
c84,c832
c84,s696
c1167,c477
c253,c797
c253,s227
c253,s772
c24,c1070
c24,s512
c698,c302
c832,c955
c857,c1372
c857,s272
c1138,c1341
c1372,c521
c955,c387
c797,c1277
c797,s767
c797,s973
c1341,c369
c1341,s126
c1341,s341
c387,c18
c387,s667
c144,c1261
c144,s266
c6,c245
c18,c746
c245,c888
c746,c1061
c1070,c1122
c1070,s131
c521,c961
c369,c689
c1122,c742
c302,c461
c302,s32
c302,s671
c1061,c501
c50,c943
c50,s381
c194,c780
c461,c1057
d9,c642
d9,s124
d9,s321
c642,c571
c1277,c725
c742,c263
c689,c750
c1057,c10
c477,c469
c750,c1302
c750,s354
c961,c491
c501,c1270
c1270,c453
c1270,s420
c780,c170
c780,s833
c1084,c155
c943,c925
c943,s245
c943,s602
c155,c608
c925,c755
c608,c1192
c170,c17
c170,s233
c170,s289
c1261,c936
c1261,s120
c1261,s511
c1192,c1290
c469,c825
c469,s960
c825,c177
c825,s562
c1302,c1129
c1302,s629
c17,c1255
c1255,c1088
c1255,s205
c1255,s303
c1255,s463
c1290,c919
c1290,s235
c755,c723
c755,s250
c10,s550
c10,s657
c10,s933
c10,s987
c1129,c22
c1129,s830
c936,c146
c936,s796
c453,c1462
c453,s722
c1088,c791
c919,c1436
c919,s805
c491,c979
c491,s907
c263,c1370
c263,s414
c1370,c475
c791,c980
c22,c1013
c22,s445
c1436,c697
c1436,s18
c1013,c1334
c888,c91
c177,c1157
c571,c923
c1334,c1007
c723,c1316
c723,s701
c723,s855
c475,c1324
c475,s110
c475,s748
c1316,c468
c980,c1449
c980,s885
c91,c127
c127,c738
c127,s450
c127,s825
c127,s872
c923,c1142
c923,s795
c697,c654
c697,s117
c1142,c1355
c1355,c609
c1462,c1125
c468,c480
c1449,c638
c1449,s753
c738,c1312
c1125,s745
c1125,s988
c1157,c346
c1157,s371
c1157,s819
c480,c661
c480,s404
c979,c357
c979,s613
c661,c1371
c725,c875
c725,s787
c346,c1034
c346,s375
c346,s754
c654,c785
c875,s930
c875,s989
c146,s735
c146,s990
c1312,c338
c1312,s929
c1007,s88
c1007,s220
c1007,s991
c1324,c1418
c1034,c666
c1034,s970
c338,c1454
c338,s155
c338,s553
c338,s773
c357,c41
c638,c1101
c1418,c657
c1418,s923
c785,c999
c785,s286
c666,s992
c999,c909
c999,s243
c999,s598
c1371,c1105
c1371,s822
c41,c53
c1454,c798
c1454,s509
c1454,s724
c1105,c499
c1105,s727
c1101,c206
c909,c1003
c909,s521
c909,s783
c206,c59
c798,s993
c657,c1326
c1326,c1044
c499,s994
c1044,s995
c609,s996
c1003,c1493
c59,s997
c1493,s998
c53,c815
c815,s999
