root,d1
root,c0
root,s0
root,s1
root,s3
root,s4
root,s16
root,s22
root,s23
root,s28
root,s34
root,s40
root,s42
root,s49
root,s63
root,s64
root,s76
root,s80
root,s93
root,s97
root,s107
root,s111
root,s115
root,s126
root,s127
root,s137
root,s144
root,s150
root,s151
root,s155
root,s185
root,s191
root,s192
root,s198
root,s207
root,s224
root,s235
root,s256
root,s272
root,s273
root,s277
root,s279
root,s297
root,s303
root,s316
root,s319
root,s322
root,s338
root,s341
root,s346
root,s349
root,s354
root,s359
root,s361
root,s365
root,s373
root,s376
root,s384
root,s391
root,s411
root,s428
root,s452
root,s455
root,s473
root,s474
root,s484
root,s487
root,s488
root,s494
root,s512
root,s515
root,s516
root,s518
root,s525
root,s536
root,s546
root,s549
root,s550
root,s551
root,s564
root,s565
root,s579
root,s580
root,s583
root,s595
root,s597
root,s598
root,s612
root,s613
root,s643
root,s651
root,s655
root,s664
root,s665
root,s666
root,s667
root,s671
root,s675
root,s676
root,s679
root,s694
root,s697
root,s710
root,s718
root,s729
root,s743
root,s750
root,s759
root,s761
root,s766
root,s769
root,s783
root,s800
root,s802
root,s850
root,s852
root,s856
root,s858
root,s868
root,s872
root,s879
root,s882
root,s902
root,s905
root,s909
root,s923
root,s931
root,s935
root,s942
root,s953
root,s963
root,s981
root,s995
root,s999
root,s1001
root,s1006
root,s1007
root,s1014
root,s1017
root,s1023
root,s1039
root,s1043
root,s1050
root,s1051
root,s1057
root,s1059
root,s1061
root,s1062
root,s1063
root,s1064
root,s1069
root,s1077
root,s1085
root,s1086
root,s1090
root,s1093
root,s1095
root,s1118
root,s1129
root,s1146
root,s1153
root,s1163
root,s1173
root,s1207
root,s1212
root,s1217
root,s1221
root,s1226
root,s1255
root,s1259
root,s1274
root,s1281
root,s1290
root,s1291
root,s1303
root,s1307
root,s1315
root,s1326
root,s1356
root,s1366
root,s1373
root,s1381
root,s1385
root,s1396
root,s1411
root,s1432
root,s1433
root,s1445
root,s1453
root,s1458
root,s1460
root,s1470
root,s1472
root,s1473
root,s1478
root,s1480
root,s1496
root,s1504
root,s1513
root,s1519
root,s1537
root,s1540
root,s1551
root,s1576
root,s1577
root,s1584
root,s1587
root,s1593
root,s1595
root,s1610
root,s1615
root,s1635
root,s1642
root,s1647
root,s1649
root,s1652
root,s1655
root,s1656
root,s1680
root,s1689
root,s1693
root,s1694
root,s1700
root,s1703
root,s1708
root,s1713
root,s1715
root,s1719
root,s1731
root,s1750
root,s1751
root,s1763
root,s1781
root,s1783
root,s1790
root,s1797
root,s1817
root,s1819
root,s1829
root,s1837
root,s1855
root,s1868
root,s1889
root,s1907
root,s1912
root,s1920
root,s1924
root,s1943
root,s1950
root,s1972
root,s1998
root,s2001
root,s2005
root,s2014
root,s2029
root,s2033
root,s2035
root,s2046
root,s2050
root,s2054
root,s2057
root,s2068
root,s2080
root,s2084
root,s2086
root,s2090
root,s2092
root,s2098
root,s2118
root,s2124
root,s2142
root,s2159
root,s2167
root,s2174
root,s2200
root,s2217
root,s2220
root,s2223
root,s2230
root,s2231
root,s2237
root,s2241
root,s2246
root,s2247
root,s2255
root,s2264
root,s2265
root,s2275
root,s2279
root,s2281
root,s2290
root,s2306
root,s2307
root,s2334
root,s2340
root,s2370
root,s2387
root,s2391
root,s2395
root,s2403
root,s2407
root,s2415
root,s2419
root,s2426
root,s2435
root,s2442
root,s2448
root,s2452
root,s2462
root,s2465
root,s2471
root,s2489
root,s2490
root,s2495
root,s2497
root,s2499
root,s2502
root,s2506
root,s2516
root,s2532
root,s2537
root,s2543
root,s2549
root,s2562
root,s2564
root,s2583
root,s2591
root,s2595
root,s2608
root,s2617
root,s2618
root,s2621
root,s2623
root,s2634
root,s2640
root,s2653
root,s2660
root,s2661
root,s2668
root,s2669
root,s2674
root,s2682
root,s2693
root,s2699
root,s2701
root,s2706
root,s2710
root,s2711
root,s2719
root,s2724
root,s2727
root,s2741
root,s2744
root,s2749
root,s2754
root,s2774
root,s2785
root,s2792
root,s2797
root,s2805
root,s2817
root,s2826
root,s2831
root,s2838
root,s2846
root,s2849
root,s2864
root,s2874
root,s2875
root,s2877
root,s2890
root,s2892
root,s2895
root,s2914
root,s2928
root,s2939
root,s2953
root,s2958
root,s2966
root,s2971
root,s2972
root,s2974
root,s2990
root,s2991
root,s2995
root,s3003
root,s3008
root,s3009
root,s3015
root,s3017
root,s3019
root,s3023
root,s3033
root,s3037
root,s3039
root,s3042
root,s3055
root,s3060
root,s3065
root,s3067
root,s3071
root,s3080
root,s3084
root,s3087
root,s3113
root,s3121
root,s3132
root,s3138
root,s3139
root,s3149
root,s3160
root,s3181
root,s3199
root,s3201
root,s3203
root,s3207
root,s3209
root,s3210
root,s3213
root,s3217
root,s3223
root,s3230
root,s3239
root,s3251
root,s3262
root,s3265
root,s3276
root,s3280
root,s3288
root,s3290
root,s3296
root,s3320
root,s3323
root,s3331
root,s3334
root,s3338
root,s3354
root,s3371
root,s3375
root,s3398
root,s3401
root,s3424
root,s3425
root,s3429
root,s3448
root,s3468
root,s3497
root,s3501
root,s3508
root,s3510
root,s3522
root,s3527
root,s3532
root,s3535
root,s3536
root,s3541
root,s3573
root,s3578
root,s3606
root,s3630
root,s3637
root,s3639
root,s3660
root,s3662
root,s3663
root,s3675
root,s3676
root,s3682
root,s3695
root,s3698
root,s3704
root,s3705
root,s3709
root,s3721
root,s3732
root,s3736
root,s3742
root,s3744
root,s3750
root,s3759
root,s3769
root,s3772
root,s3774
root,s3783
root,s3785
root,s3788
root,s3809
root,s3814
root,s3816
root,s3817
root,s3839
root,s3852
root,s3859
root,s3871
root,s3873
root,s3891
root,s3901
root,s3902
root,s3905
root,s3908
root,s3925
root,s3935
root,s3937
root,s3943
root,s3946
root,s3948
root,s3952
root,s3974
root,s3985
root,s3987
root,s3991
root,s3996
root,s4014
root,s4015
root,s4028
root,s4035
root,s4039
root,s4041
root,s4044
root,s4049
root,s4050
root,s4054
root,s4066
root,s4080
root,s4089
root,s4113
root,s4121
root,s4122
root,s4134
root,s4137
root,s4159
root,s4177
root,s4191
root,s4192
root,s4201
root,s4210
root,s4224
root,s4227
root,s4228
root,s4250
root,s4251
root,s4252
root,s4259
root,s4265
root,s4275
root,s4279
root,s4288
root,s4292
root,s4301
root,s4317
root,s4319
root,s4325
root,s4344
root,s4349
root,s4355
root,s4360
root,s4373
root,s4391
root,s4392
root,s4393
root,s4408
root,s4411
root,s4416
root,s4420
root,s4421
root,s4431
root,s4434
root,s4446
root,s4463
root,s4468
root,s4471
root,s4487
root,s4512
root,s4533
root,s4544
root,s4548
root,s4551
root,s4558
root,s4561
root,s4565
root,s4576
root,s4590
root,s4618
root,s4623
root,s4634
root,s4637
root,s4650
root,s4654
root,s4660
root,s4662
root,s4665
root,s4700
root,s4703
root,s4713
root,s4723
root,s4724
root,s4732
root,s4749
root,s4750
root,s4752
root,s4753
root,s4757
root,s4766
root,s4774
root,s4775
root,s4776
root,s4780
root,s4800
root,s4814
root,s4833
root,s4838
root,s4842
root,s4849
root,s4850
root,s4851
root,s4853
root,s4858
root,s4864
root,s4866
root,s4870
root,s4871
root,s4874
root,s4901
root,s4906
root,s4916
root,s4920
root,s4921
root,s4922
root,s4930
root,s4933
root,s4934
root,s4944
root,s4949
root,s4951
root,s4955
root,s4962
root,s4964
root,s4991
d1,s7
d1,s11
d1,s31
d1,s33
d1,s39
d1,s54
d1,s58
d1,s90
d1,s91
d1,s92
d1,s99
d1,s120
d1,s124
d1,s132
d1,s141
d1,s143
d1,s148
d1,s161
d1,s173
d1,s177
d1,s181
d1,s193
d1,s194
d1,s201
d1,s214
d1,s219
d1,s220
d1,s228
d1,s241
d1,s243
d1,s259
d1,s264
d1,s267
d1,s268
d1,s270
d1,s287
d1,s296
d1,s299
d1,s301
d1,s309
d1,s326
d1,s329
d1,s333
d1,s336
d1,s337
d1,s342
d1,s343
d1,s348
d1,s364
d1,s368
d1,s378
d1,s379
d1,s412
d1,s415
d1,s416
d1,s419
d1,s422
d1,s430
d1,s436
d1,s439
d1,s454
d1,s456
d1,s460
d1,s463
d1,s466
d1,s469
d1,s498
d1,s502
d1,s514
d1,s520
d1,s528
d1,s532
d1,s537
d1,s552
d1,s558
d1,s559
d1,s586
d1,s589
d1,s594
d1,s599
d1,s602
d1,s603
d1,s607
d1,s608
d1,s610
d1,s650
d1,s654
d1,s658
d1,s690
d1,s698
d1,s702
d1,s705
d1,s715
d1,s717
d1,s719
d1,s724
d1,s730
d1,s738
d1,s739
d1,s742
d1,s753
d1,s772
d1,s776
d1,s789
d1,s796
d1,s809
d1,s815
d1,s819
d1,s823
d1,s825
d1,s829
d1,s837
d1,s842
d1,s845
d1,s846
d1,s853
d1,s855
d1,s885
d1,s904
d1,s910
d1,s920
d1,s941
d1,s962
d1,s968
d1,s972
d1,s1019
d1,s1031
d1,s1035
d1,s1037
d1,s1038
d1,s1075
d1,s1087
d1,s1102
d1,s1104
d1,s1124
d1,s1151
d1,s1158
d1,s1166
d1,s1168
d1,s1180
d1,s1192
d1,s1205
d1,s1208
d1,s1210
d1,s1241
d1,s1249
d1,s1250
d1,s1254
d1,s1265
d1,s1268
d1,s1269
d1,s1271
d1,s1278
d1,s1279
d1,s1288
d1,s1294
d1,s1297
d1,s1298
d1,s1302
d1,s1306
d1,s1311
d1,s1316
d1,s1325
d1,s1337
d1,s1342
d1,s1350
d1,s1358
d1,s1363
d1,s1391
d1,s1429
d1,s1430
d1,s1438
d1,s1440
d1,s1463
d1,s1488
d1,s1509
d1,s1523
d1,s1526
d1,s1535
d1,s1545
d1,s1552
d1,s1580
d1,s1599
d1,s1600
d1,s1608
d1,s1609
d1,s1612
d1,s1618
d1,s1628
d1,s1629
d1,s1677
d1,s1714
d1,s1721
d1,s1730
d1,s1737
d1,s1741
d1,s1749
d1,s1776
d1,s1778
d1,s1785
d1,s1792
d1,s1798
d1,s1801
d1,s1812
d1,s1815
d1,s1828
d1,s1839
d1,s1840
d1,s1844
d1,s1845
d1,s1848
d1,s1849
d1,s1857
d1,s1863
d1,s1883
d1,s1892
d1,s1895
d1,s1896
d1,s1898
d1,s1899
d1,s1904
d1,s1911
d1,s1916
d1,s1925
d1,s1933
d1,s1935
d1,s1946
d1,s1957
d1,s1964
d1,s1965
d1,s1982
d1,s1985
d1,s2000
d1,s2002
d1,s2018
d1,s2019
d1,s2036
d1,s2040
d1,s2044
d1,s2052
d1,s2058
d1,s2062
d1,s2073
d1,s2089
d1,s2100
d1,s2106
d1,s2115
d1,s2121
d1,s2126
d1,s2127
d1,s2129
d1,s2170
d1,s2179
d1,s2188
d1,s2193
d1,s2206
d1,s2207
d1,s2218
d1,s2224
d1,s2229
d1,s2234
d1,s2243
d1,s2250
d1,s2258
d1,s2268
d1,s2287
d1,s2288
d1,s2295
d1,s2299
d1,s2300
d1,s2328
d1,s2339
d1,s2341
d1,s2343
d1,s2347
d1,s2348
d1,s2354
d1,s2356
d1,s2372
d1,s2374
d1,s2375
d1,s2377
d1,s2381
d1,s2384
d1,s2396
d1,s2397
d1,s2410
d1,s2434
d1,s2454
d1,s2457
d1,s2478
d1,s2483
d1,s2507
d1,s2524
d1,s2525
d1,s2527
d1,s2540
d1,s2542
d1,s2547
d1,s2551
d1,s2557
d1,s2574
d1,s2577
d1,s2590
d1,s2605
d1,s2606
d1,s2607
d1,s2627
d1,s2630
d1,s2633
d1,s2646
d1,s2652
d1,s2659
d1,s2664
d1,s2672
d1,s2690
d1,s2700
d1,s2705
d1,s2708
d1,s2709
d1,s2714
d1,s2718
d1,s2731
d1,s2739
d1,s2740
d1,s2742
d1,s2743
d1,s2763
d1,s2766
d1,s2782
d1,s2788
d1,s2801
d1,s2802
d1,s2821
d1,s2825
d1,s2833
d1,s2841
d1,s2855
d1,s2856
d1,s2857
d1,s2871
d1,s2879
d1,s2880
d1,s2899
d1,s2907
d1,s2912
d1,s2913
d1,s2917
d1,s2933
d1,s2943
d1,s2987
d1,s2988
d1,s2997
d1,s3006
d1,s3013
d1,s3025
d1,s3029
d1,s3030
d1,s3041
d1,s3051
d1,s3061
d1,s3063
d1,s3066
d1,s3070
d1,s3085
d1,s3086
d1,s3091
d1,s3092
d1,s3094
d1,s3102
d1,s3106
d1,s3109
d1,s3110
d1,s3112
d1,s3120
d1,s3136
d1,s3137
d1,s3142
d1,s3143
d1,s3145
d1,s3157
d1,s3168
d1,s3197
d1,s3198
d1,s3216
d1,s3227
d1,s3229
d1,s3234
d1,s3235
d1,s3241
d1,s3244
d1,s3249
d1,s3256
d1,s3267
d1,s3295
d1,s3298
d1,s3308
d1,s3322
d1,s3337
d1,s3350
d1,s3353
d1,s3358
d1,s3359
d1,s3374
d1,s3376
d1,s3378
d1,s3380
d1,s3382
d1,s3386
d1,s3391
d1,s3394
d1,s3396
d1,s3410
d1,s3423
d1,s3432
d1,s3433
d1,s3435
d1,s3438
d1,s3439
d1,s3440
d1,s3460
d1,s3463
d1,s3465
d1,s3471
d1,s3482
d1,s3487
d1,s3488
d1,s3503
d1,s3505
d1,s3506
d1,s3513
d1,s3517
d1,s3524
d1,s3533
d1,s3542
d1,s3550
d1,s3571
d1,s3572
d1,s3582
d1,s3583
d1,s3592
d1,s3595
d1,s3597
d1,s3598
d1,s3599
d1,s3600
d1,s3601
d1,s3615
d1,s3619
d1,s3621
d1,s3636
d1,s3640
d1,s3647
d1,s3648
d1,s3656
d1,s3668
d1,s3669
d1,s3707
d1,s3730
d1,s3743
d1,s3747
d1,s3761
d1,s3763
d1,s3775
d1,s3777
d1,s3786
d1,s3811
d1,s3813
d1,s3847
d1,s3854
d1,s3858
d1,s3865
d1,s3890
d1,s3912
d1,s3919
d1,s3928
d1,s3929
d1,s3932
d1,s3945
d1,s3953
d1,s3965
d1,s3968
d1,s3970
d1,s3978
d1,s3979
d1,s3980
d1,s3989
d1,s3997
d1,s4002
d1,s4032
d1,s4040
d1,s4047
d1,s4057
d1,s4058
d1,s4061
d1,s4064
d1,s4081
d1,s4085
d1,s4086
d1,s4094
d1,s4102
d1,s4111
d1,s4132
d1,s4133
d1,s4160
d1,s4165
d1,s4172
d1,s4174
d1,s4190
d1,s4203
d1,s4206
d1,s4222
d1,s4229
d1,s4230
d1,s4237
d1,s4241
d1,s4249
d1,s4260
d1,s4262
d1,s4270
d1,s4277
d1,s4278
d1,s4284
d1,s4297
d1,s4304
d1,s4311
d1,s4313
d1,s4324
d1,s4335
d1,s4346
d1,s4353
d1,s4356
d1,s4363
d1,s4368
d1,s4369
d1,s4377
d1,s4378
d1,s4388
d1,s4389
d1,s4407
d1,s4410
d1,s4426
d1,s4432
d1,s4433
d1,s4437
d1,s4438
d1,s4440
d1,s4444
d1,s4455
d1,s4457
d1,s4472
d1,s4475
d1,s4480
d1,s4491
d1,s4514
d1,s4518
d1,s4522
d1,s4527
d1,s4535
d1,s4538
d1,s4543
d1,s4550
d1,s4571
d1,s4583
d1,s4587
d1,s4592
d1,s4596
d1,s4600
d1,s4604
d1,s4610
d1,s4622
d1,s4627
d1,s4628
d1,s4631
d1,s4636
d1,s4643
d1,s4651
d1,s4663
d1,s4671
d1,s4672
d1,s4678
d1,s4683
d1,s4689
d1,s4694
d1,s4699
d1,s4707
d1,s4717
d1,s4721
d1,s4729
d1,s4735
d1,s4736
d1,s4738
d1,s4743
d1,s4758
d1,s4788
d1,s4790
d1,s4791
d1,s4804
d1,s4807
d1,s4815
d1,s4819
d1,s4825
d1,s4830
d1,s4834
d1,s4845
d1,s4847
d1,s4862
d1,s4886
d1,s4904
d1,s4905
d1,s4908
d1,s4911
d1,s4913
d1,s4923
d1,s4929
d1,s4938
d1,s4941
d1,s4945
d1,s4948
d1,s4958
d1,s4966
d1,s4994
d1,s4996
c0,c1
c0,c2
c0,s2
c0,s10
c0,s13
c0,s19
c0,s27
c0,s46
c0,s52
c0,s55
c0,s65
c0,s66
c0,s67
c0,s87
c0,s89
c0,s116
c0,s139
c0,s149
c0,s152
c0,s157
c0,s158
c0,s166
c0,s172
c0,s197
c0,s206
c0,s208
c0,s210
c0,s212
c0,s217
c0,s222
c0,s239
c0,s244
c0,s246
c0,s251
c0,s255
c0,s263
c0,s276
c0,s278
c0,s281
c0,s284
c0,s293
c0,s298
c0,s308
c0,s313
c0,s328
c0,s340
c0,s347
c0,s353
c0,s362
c0,s366
c0,s371
c0,s372
c0,s377
c0,s381
c0,s385
c0,s388
c0,s389
c0,s400
c0,s401
c0,s407
c0,s418
c0,s442
c0,s468
c0,s478
c0,s482
c0,s490
c0,s503
c0,s510
c0,s519
c0,s533
c0,s543
c0,s561
c0,s566
c0,s577
c0,s590
c0,s592
c0,s593
c0,s616
c0,s618
c0,s619
c0,s623
c0,s624
c0,s626
c0,s631
c0,s641
c0,s642
c0,s645
c0,s669
c0,s674
c0,s683
c0,s687
c0,s695
c0,s704
c0,s720
c0,s732
c0,s740
c0,s744
c0,s746
c0,s749
c0,s758
c0,s771
c0,s784
c0,s786
c0,s788
c0,s803
c0,s805
c0,s807
c0,s808
c0,s812
c0,s813
c0,s814
c0,s822
c0,s836
c0,s840
c0,s857
c0,s862
c0,s863
c0,s865
c0,s871
c0,s889
c0,s896
c0,s900
c0,s914
c0,s916
c0,s933
c0,s934
c0,s936
c0,s937
c0,s954
c0,s960
c0,s964
c0,s976
c0,s994
c0,s996
c0,s1000
c0,s1010
c0,s1012
c0,s1026
c0,s1036
c0,s1042
c0,s1055
c0,s1072
c0,s1073
c0,s1078
c0,s1121
c0,s1123
c0,s1133
c0,s1152
c0,s1175
c0,s1186
c0,s1190
c0,s1194
c0,s1201
c0,s1204
c0,s1218
c0,s1228
c0,s1234
c0,s1253
c0,s1256
c0,s1261
c0,s1262
c0,s1266
c0,s1267
c0,s1280
c0,s1295
c0,s1301
c0,s1319
c0,s1333
c0,s1347
c0,s1357
c0,s1360
c0,s1365
c0,s1379
c0,s1398
c0,s1400
c0,s1407
c0,s1422
c0,s1423
c0,s1424
c0,s1448
c0,s1452
c0,s1465
c0,s1474
c0,s1479
c0,s1489
c0,s1494
c0,s1500
c0,s1501
c0,s1507
c0,s1511
c0,s1532
c0,s1539
c0,s1546
c0,s1556
c0,s1559
c0,s1560
c0,s1561
c0,s1564
c0,s1570
c0,s1572
c0,s1578
c0,s1596
c0,s1601
c0,s1602
c0,s1603
c0,s1604
c0,s1607
c0,s1614
c0,s1624
c0,s1627
c0,s1634
c0,s1643
c0,s1646
c0,s1653
c0,s1659
c0,s1678
c0,s1681
c0,s1691
c0,s1709
c0,s1717
c0,s1735
c0,s1742
c0,s1755
c0,s1758
c0,s1765
c0,s1773
c0,s1793
c0,s1804
c0,s1810
c0,s1820
c0,s1822
c0,s1825
c0,s1832
c0,s1843
c0,s1850
c0,s1861
c0,s1879
c0,s1881
c0,s1884
c0,s1887
c0,s1901
c0,s1918
c0,s1926
c0,s1929
c0,s1931
c0,s1932
c0,s1940
c0,s1954
c0,s1956
c0,s1958
c0,s1967
c0,s1986
c0,s2008
c0,s2017
c0,s2028
c0,s2031
c0,s2039
c0,s2049
c0,s2082
c0,s2085
c0,s2094
c0,s2109
c0,s2123
c0,s2135
c0,s2140
c0,s2148
c0,s2162
c0,s2178
c0,s2185
c0,s2186
c0,s2195
c0,s2201
c0,s2212
c0,s2213
c0,s2221
c0,s2228
c0,s2240
c0,s2263
c0,s2276
c0,s2289
c0,s2296
c0,s2309
c0,s2320
c0,s2325
c0,s2331
c0,s2337
c0,s2359
c0,s2368
c0,s2373
c0,s2383
c0,s2398
c0,s2417
c0,s2422
c0,s2427
c0,s2432
c0,s2441
c0,s2445
c0,s2447
c0,s2455
c0,s2472
c0,s2474
c0,s2480
c0,s2481
c0,s2487
c0,s2488
c0,s2491
c0,s2493
c0,s2496
c0,s2504
c0,s2510
c0,s2519
c0,s2534
c0,s2535
c0,s2536
c0,s2544
c0,s2553
c0,s2554
c0,s2563
c0,s2570
c0,s2576
c0,s2578
c0,s2586
c0,s2587
c0,s2594
c0,s2597
c0,s2598
c0,s2610
c0,s2616
c0,s2625
c0,s2651
c0,s2654
c0,s2657
c0,s2676
c0,s2678
c0,s2698
c0,s2703
c0,s2712
c0,s2715
c0,s2732
c0,s2758
c0,s2769
c0,s2790
c0,s2791
c0,s2798
c0,s2804
c0,s2807
c0,s2810
c0,s2818
c0,s2820
c0,s2823
c0,s2827
c0,s2828
c0,s2854
c0,s2860
c0,s2861
c0,s2862
c0,s2873
c0,s2882
c0,s2885
c0,s2886
c0,s2887
c0,s2889
c0,s2906
c0,s2910
c0,s2915
c0,s2918
c0,s2926
c0,s2927
c0,s2946
c0,s2947
c0,s2952
c0,s2954
c0,s2969
c0,s2973
c0,s2976
c0,s2985
c0,s2994
c0,s3000
c0,s3001
c0,s3004
c0,s3005
c0,s3011
c0,s3032
c0,s3034
c0,s3068
c0,s3081
c0,s3082
c0,s3104
c0,s3117
c0,s3118
c0,s3123
c0,s3127
c0,s3133
c0,s3144
c0,s3146
c0,s3154
c0,s3178
c0,s3183
c0,s3187
c0,s3191
c0,s3192
c0,s3200
c0,s3211
c0,s3214
c0,s3218
c0,s3224
c0,s3228
c0,s3233
c0,s3259
c0,s3263
c0,s3266
c0,s3274
c0,s3277
c0,s3281
c0,s3287
c0,s3289
c0,s3293
c0,s3297
c0,s3305
c0,s3321
c0,s3325
c0,s3328
c0,s3339
c0,s3342
c0,s3346
c0,s3367
c0,s3372
c0,s3383
c0,s3417
c0,s3437
c0,s3443
c0,s3447
c0,s3467
c0,s3494
c0,s3499
c0,s3514
c0,s3528
c0,s3529
c0,s3543
c0,s3547
c0,s3553
c0,s3565
c0,s3579
c0,s3580
c0,s3588
c0,s3609
c0,s3616
c0,s3622
c0,s3638
c0,s3641
c0,s3664
c0,s3665
c0,s3666
c0,s3667
c0,s3670
c0,s3672
c0,s3680
c0,s3683
c0,s3699
c0,s3706
c0,s3717
c0,s3728
c0,s3731
c0,s3733
c0,s3734
c0,s3752
c0,s3768
c0,s3781
c0,s3815
c0,s3818
c0,s3836
c0,s3851
c0,s3855
c0,s3856
c0,s3866
c0,s3874
c0,s3885
c0,s3893
c0,s3895
c0,s3900
c0,s3907
c0,s3915
c0,s3921
c0,s3923
c0,s3931
c0,s3933
c0,s3936
c0,s3944
c0,s3958
c0,s3963
c0,s3969
c0,s3981
c0,s3983
c0,s3998
c0,s4019
c0,s4020
c0,s4045
c0,s4051
c0,s4071
c0,s4083
c0,s4096
c0,s4101
c0,s4103
c0,s4125
c0,s4130
c0,s4152
c0,s4176
c0,s4187
c0,s4188
c0,s4215
c0,s4216
c0,s4219
c0,s4220
c0,s4223
c0,s4231
c0,s4233
c0,s4239
c0,s4240
c0,s4245
c0,s4257
c0,s4271
c0,s4281
c0,s4286
c0,s4293
c0,s4308
c0,s4310
c0,s4315
c0,s4326
c0,s4337
c0,s4340
c0,s4358
c0,s4380
c0,s4394
c0,s4399
c0,s4439
c0,s4451
c0,s4459
c0,s4470
c0,s4476
c0,s4488
c0,s4493
c0,s4494
c0,s4495
c0,s4504
c0,s4506
c0,s4507
c0,s4509
c0,s4539
c0,s4552
c0,s4555
c0,s4564
c0,s4570
c0,s4578
c0,s4581
c0,s4589
c0,s4591
c0,s4599
c0,s4612
c0,s4613
c0,s4614
c0,s4620
c0,s4625
c0,s4629
c0,s4646
c0,s4664
c0,s4667
c0,s4676
c0,s4677
c0,s4682
c0,s4685
c0,s4687
c0,s4709
c0,s4739
c0,s4754
c0,s4769
c0,s4773
c0,s4778
c0,s4782
c0,s4808
c0,s4810
c0,s4813
c0,s4816
c0,s4821
c0,s4829
c0,s4840
c0,s4841
c0,s4856
c0,s4863
c0,s4875
c0,s4876
c0,s4879
c0,s4880
c0,s4883
c0,s4884
c0,s4887
c0,s4891
c0,s4903
c0,s4910
c0,s4924
c0,s4926
c0,s4942
c0,s4943
c0,s4959
c0,s4960
c0,s4967
c0,s4973
c0,s4977
c0,s4984
c0,s4985
c0,s4993
c1,s15
c1,s21
c1,s26
c1,s35
c1,s44
c1,s61
c1,s62
c1,s73
c1,s78
c1,s83
c1,s84
c1,s88
c1,s110
c1,s113
c1,s123
c1,s133
c1,s136
c1,s147
c1,s153
c1,s164
c1,s189
c1,s190
c1,s200
c1,s215
c1,s233
c1,s238
c1,s240
c1,s260
c1,s261
c1,s269
c1,s271
c1,s288
c1,s290
c1,s307
c1,s311
c1,s323
c1,s330
c1,s331
c1,s335
c1,s345
c1,s350
c1,s358
c1,s380
c1,s387
c1,s390
c1,s394
c1,s395
c1,s396
c1,s404
c1,s410
c1,s429
c1,s438
c1,s446
c1,s448
c1,s449
c1,s451
c1,s453
c1,s459
c1,s467
c1,s481
c1,s495
c1,s500
c1,s523
c1,s524
c1,s529
c1,s530
c1,s538
c1,s553
c1,s557
c1,s572
c1,s574
c1,s575
c1,s581
c1,s585
c1,s587
c1,s600
c1,s615
c1,s620
c1,s627
c1,s629
c1,s634
c1,s636
c1,s637
c1,s638
c1,s661
c1,s668
c1,s672
c1,s680
c1,s709
c1,s721
c1,s725
c1,s728
c1,s737
c1,s752
c1,s756
c1,s760
c1,s765
c1,s777
c1,s782
c1,s793
c1,s795
c1,s801
c1,s816
c1,s831
c1,s833
c1,s851
c1,s884
c1,s887
c1,s894
c1,s901
c1,s912
c1,s913
c1,s924
c1,s925
c1,s932
c1,s949
c1,s951
c1,s956
c1,s973
c1,s974
c1,s978
c1,s980
c1,s998
c1,s1013
c1,s1025
c1,s1033
c1,s1040
c1,s1046
c1,s1047
c1,s1065
c1,s1066
c1,s1070
c1,s1080
c1,s1081
c1,s1082
c1,s1089
c1,s1094
c1,s1097
c1,s1100
c1,s1105
c1,s1111
c1,s1122
c1,s1127
c1,s1136
c1,s1141
c1,s1144
c1,s1154
c1,s1156
c1,s1160
c1,s1162
c1,s1169
c1,s1181
c1,s1196
c1,s1200
c1,s1203
c1,s1219
c1,s1230
c1,s1232
c1,s1240
c1,s1244
c1,s1246
c1,s1260
c1,s1264
c1,s1272
c1,s1273
c1,s1282
c1,s1286
c1,s1321
c1,s1330
c1,s1335
c1,s1336
c1,s1346
c1,s1378
c1,s1382
c1,s1388
c1,s1390
c1,s1393
c1,s1397
c1,s1403
c1,s1404
c1,s1408
c1,s1428
c1,s1441
c1,s1447
c1,s1455
c1,s1459
c1,s1461
c1,s1471
c1,s1475
c1,s1482
c1,s1483
c1,s1490
c1,s1495
c1,s1498
c1,s1505
c1,s1510
c1,s1516
c1,s1517
c1,s1520
c1,s1521
c1,s1528
c1,s1529
c1,s1533
c1,s1534
c1,s1543
c1,s1562
c1,s1569
c1,s1589
c1,s1594
c1,s1597
c1,s1598
c1,s1605
c1,s1619
c1,s1620
c1,s1621
c1,s1622
c1,s1631
c1,s1639
c1,s1644
c1,s1650
c1,s1666
c1,s1670
c1,s1679
c1,s1697
c1,s1702
c1,s1704
c1,s1705
c1,s1706
c1,s1710
c1,s1712
c1,s1722
c1,s1726
c1,s1728
c1,s1739
c1,s1743
c1,s1752
c1,s1753
c1,s1779
c1,s1784
c1,s1791
c1,s1799
c1,s1806
c1,s1814
c1,s1816
c1,s1818
c1,s1830
c1,s1841
c1,s1842
c1,s1851
c1,s1856
c1,s1858
c1,s1862
c1,s1866
c1,s1867
c1,s1872
c1,s1876
c1,s1878
c1,s1886
c1,s1888
c1,s1890
c1,s1893
c1,s1897
c1,s1906
c1,s1910
c1,s1913
c1,s1914
c1,s1922
c1,s1934
c1,s1936
c1,s1948
c1,s1969
c1,s1977
c1,s1984
c1,s1989
c1,s1992
c1,s1994
c1,s1999
c1,s2009
c1,s2012
c1,s2025
c1,s2026
c1,s2038
c1,s2041
c1,s2053
c1,s2059
c1,s2065
c1,s2066
c1,s2067
c1,s2071
c1,s2081
c1,s2088
c1,s2104
c1,s2107
c1,s2108
c1,s2113
c1,s2114
c1,s2119
c1,s2120
c1,s2128
c1,s2141
c1,s2147
c1,s2149
c1,s2151
c1,s2181
c1,s2192
c1,s2194
c1,s2198
c1,s2204
c1,s2208
c1,s2222
c1,s2226
c1,s2233
c1,s2245
c1,s2254
c1,s2259
c1,s2267
c1,s2270
c1,s2271
c1,s2274
c1,s2284
c1,s2303
c1,s2304
c1,s2308
c1,s2317
c1,s2329
c1,s2336
c1,s2351
c1,s2357
c1,s2360
c1,s2364
c1,s2367
c1,s2369
c1,s2371
c1,s2390
c1,s2392
c1,s2406
c1,s2416
c1,s2421
c1,s2424
c1,s2437
c1,s2458
c1,s2459
c1,s2466
c1,s2467
c1,s2469
c1,s2479
c1,s2484
c1,s2486
c1,s2503
c1,s2505
c1,s2509
c1,s2520
c1,s2530
c1,s2541
c1,s2546
c1,s2560
c1,s2573
c1,s2579
c1,s2581
c1,s2609
c1,s2619
c1,s2628
c1,s2636
c1,s2647
c1,s2665
c1,s2677
c1,s2687
c1,s2688
c1,s2692
c1,s2696
c1,s2702
c1,s2717
c1,s2723
c1,s2759
c1,s2772
c1,s2784
c1,s2787
c1,s2789
c1,s2795
c1,s2796
c1,s2812
c1,s2835
c1,s2839
c1,s2845
c1,s2863
c1,s2865
c1,s2866
c1,s2870
c1,s2888
c1,s2897
c1,s2898
c1,s2900
c1,s2908
c1,s2922
c1,s2924
c1,s2930
c1,s2942
c1,s2956
c1,s2965
c1,s2989
c1,s2999
c1,s3046
c1,s3050
c1,s3078
c1,s3088
c1,s3097
c1,s3105
c1,s3107
c1,s3108
c1,s3116
c1,s3124
c1,s3140
c1,s3162
c1,s3164
c1,s3205
c1,s3212
c1,s3221
c1,s3231
c1,s3232
c1,s3238
c1,s3253
c1,s3254
c1,s3264
c1,s3292
c1,s3300
c1,s3314
c1,s3315
c1,s3319
c1,s3355
c1,s3356
c1,s3357
c1,s3360
c1,s3370
c1,s3399
c1,s3408
c1,s3412
c1,s3415
c1,s3419
c1,s3428
c1,s3434
c1,s3441
c1,s3451
c1,s3456
c1,s3458
c1,s3461
c1,s3462
c1,s3466
c1,s3469
c1,s3474
c1,s3481
c1,s3489
c1,s3512
c1,s3519
c1,s3537
c1,s3538
c1,s3539
c1,s3540
c1,s3545
c1,s3546
c1,s3560
c1,s3574
c1,s3576
c1,s3577
c1,s3591
c1,s3604
c1,s3614
c1,s3629
c1,s3631
c1,s3634
c1,s3646
c1,s3657
c1,s3671
c1,s3674
c1,s3694
c1,s3710
c1,s3712
c1,s3713
c1,s3718
c1,s3722
c1,s3725
c1,s3758
c1,s3780
c1,s3812
c1,s3826
c1,s3827
c1,s3829
c1,s3834
c1,s3842
c1,s3845
c1,s3848
c1,s3869
c1,s3870
c1,s3875
c1,s3877
c1,s3889
c1,s3892
c1,s3896
c1,s3897
c1,s3898
c1,s3911
c1,s3924
c1,s3926
c1,s3939
c1,s3949
c1,s3955
c1,s3956
c1,s4004
c1,s4008
c1,s4021
c1,s4030
c1,s4033
c1,s4043
c1,s4046
c1,s4048
c1,s4055
c1,s4062
c1,s4063
c1,s4067
c1,s4092
c1,s4097
c1,s4098
c1,s4099
c1,s4112
c1,s4114
c1,s4138
c1,s4143
c1,s4151
c1,s4154
c1,s4178
c1,s4180
c1,s4183
c1,s4189
c1,s4195
c1,s4196
c1,s4204
c1,s4253
c1,s4266
c1,s4272
c1,s4273
c1,s4282
c1,s4285
c1,s4300
c1,s4302
c1,s4322
c1,s4327
c1,s4328
c1,s4338
c1,s4365
c1,s4370
c1,s4374
c1,s4375
c1,s4382
c1,s4384
c1,s4385
c1,s4403
c1,s4417
c1,s4427
c1,s4428
c1,s4441
c1,s4442
c1,s4443
c1,s4450
c1,s4465
c1,s4482
c1,s4483
c1,s4485
c1,s4503
c1,s4517
c1,s4520
c1,s4524
c1,s4525
c1,s4526
c1,s4529
c1,s4541
c1,s4545
c1,s4547
c1,s4554
c1,s4556
c1,s4560
c1,s4574
c1,s4582
c1,s4593
c1,s4594
c1,s4597
c1,s4616
c1,s4619
c1,s4632
c1,s4652
c1,s4668
c1,s4681
c1,s4696
c1,s4712
c1,s4719
c1,s4734
c1,s4744
c1,s4745
c1,s4746
c1,s4751
c1,s4759
c1,s4784
c1,s4785
c1,s4802
c1,s4820
c1,s4823
c1,s4839
c1,s4855
c1,s4857
c1,s4868
c1,s4873
c1,s4881
c1,s4893
c1,s4931
c1,s4932
c1,s4935
c1,s4946
c1,s4952
c1,s4957
c1,s4963
c1,s4974
c1,s4975
c1,s4987
c1,s4988
c1,s4989
c1,s4995
c1,s4997
c2,d2
c2,c4
c2,s14
c2,s37
c2,s68
c2,s69
c2,s71
c2,s77
c2,s82
c2,s85
c2,s102
c2,s105
c2,s118
c2,s121
c2,s135
c2,s163
c2,s167
c2,s170
c2,s171
c2,s175
c2,s178
c2,s179
c2,s186
c2,s196
c2,s205
c2,s209
c2,s225
c2,s226
c2,s229
c2,s245
c2,s252
c2,s257
c2,s266
c2,s275
c2,s291
c2,s305
c2,s317
c2,s318
c2,s320
c2,s332
c2,s344
c2,s352
c2,s355
c2,s363
c2,s383
c2,s386
c2,s399
c2,s402
c2,s409
c2,s414
c2,s417
c2,s420
c2,s425
c2,s426
c2,s427
c2,s434
c2,s437
c2,s458
c2,s461
c2,s475
c2,s496
c2,s504
c2,s505
c2,s507
c2,s509
c2,s527
c2,s544
c2,s548
c2,s555
c2,s568
c2,s570
c2,s576
c2,s578
c2,s582
c2,s604
c2,s614
c2,s648
c2,s657
c2,s659
c2,s688
c2,s711
c2,s723
c2,s731
c2,s733
c2,s736
c2,s741
c2,s745
c2,s762
c2,s773
c2,s787
c2,s791
c2,s821
c2,s827
c2,s830
c2,s847
c2,s860
c2,s877
c2,s893
c2,s895
c2,s903
c2,s906
c2,s915
c2,s917
c2,s927
c2,s928
c2,s929
c2,s938
c2,s940
c2,s943
c2,s946
c2,s947
c2,s955
c2,s969
c2,s971
c2,s979
c2,s983
c2,s985
c2,s987
c2,s988
c2,s991
c2,s1009
c2,s1015
c2,s1022
c2,s1044
c2,s1052
c2,s1054
c2,s1076
c2,s1084
c2,s1098
c2,s1112
c2,s1114
c2,s1115
c2,s1116
c2,s1125
c2,s1126
c2,s1128
c2,s1132
c2,s1135
c2,s1145
c2,s1159
c2,s1161
c2,s1164
c2,s1171
c2,s1172
c2,s1183
c2,s1199
c2,s1211
c2,s1216
c2,s1220
c2,s1225
c2,s1233
c2,s1236
c2,s1242
c2,s1243
c2,s1245
c2,s1285
c2,s1296
c2,s1300
c2,s1304
c2,s1305
c2,s1312
c2,s1314
c2,s1320
c2,s1322
c2,s1331
c2,s1351
c2,s1352
c2,s1353
c2,s1364
c2,s1372
c2,s1374
c2,s1375
c2,s1387
c2,s1409
c2,s1415
c2,s1416
c2,s1419
c2,s1425
c2,s1426
c2,s1435
c2,s1436
c2,s1437
c2,s1439
c2,s1446
c2,s1450
c2,s1454
c2,s1467
c2,s1487
c2,s1497
c2,s1506
c2,s1514
c2,s1522
c2,s1538
c2,s1547
c2,s1573
c2,s1590
c2,s1616
c2,s1617
c2,s1632
c2,s1636
c2,s1641
c2,s1658
c2,s1669
c2,s1673
c2,s1683
c2,s1685
c2,s1686
c2,s1687
c2,s1688
c2,s1690
c2,s1718
c2,s1723
c2,s1757
c2,s1764
c2,s1768
c2,s1777
c2,s1780
c2,s1786
c2,s1787
c2,s1788
c2,s1807
c2,s1823
c2,s1827
c2,s1835
c2,s1853
c2,s1864
c2,s1870
c2,s1871
c2,s1873
c2,s1874
c2,s1917
c2,s1919
c2,s1923
c2,s1942
c2,s1949
c2,s1953
c2,s1955
c2,s1959
c2,s1962
c2,s1968
c2,s1973
c2,s1991
c2,s1997
c2,s2004
c2,s2007
c2,s2011
c2,s2013
c2,s2024
c2,s2030
c2,s2043
c2,s2045
c2,s2061
c2,s2072
c2,s2076
c2,s2091
c2,s2096
c2,s2099
c2,s2101
c2,s2111
c2,s2116
c2,s2130
c2,s2136
c2,s2138
c2,s2146
c2,s2154
c2,s2161
c2,s2168
c2,s2172
c2,s2175
c2,s2177
c2,s2180
c2,s2187
c2,s2197
c2,s2199
c2,s2211
c2,s2225
c2,s2244
c2,s2257
c2,s2260
c2,s2261
c2,s2262
c2,s2277
c2,s2286
c2,s2302
c2,s2313
c2,s2314
c2,s2316
c2,s2321
c2,s2327
c2,s2349
c2,s2350
c2,s2361
c2,s2376
c2,s2386
c2,s2389
c2,s2399
c2,s2402
c2,s2412
c2,s2420
c2,s2438
c2,s2444
c2,s2449
c2,s2460
c2,s2461
c2,s2477
c2,s2482
c2,s2500
c2,s2513
c2,s2539
c2,s2552
c2,s2555
c2,s2567
c2,s2585
c2,s2596
c2,s2602
c2,s2631
c2,s2635
c2,s2639
c2,s2642
c2,s2649
c2,s2656
c2,s2673
c2,s2675
c2,s2684
c2,s2689
c2,s2695
c2,s2697
c2,s2716
c2,s2726
c2,s2730
c2,s2748
c2,s2751
c2,s2757
c2,s2770
c2,s2776
c2,s2778
c2,s2779
c2,s2780
c2,s2781
c2,s2783
c2,s2786
c2,s2794
c2,s2799
c2,s2800
c2,s2813
c2,s2815
c2,s2816
c2,s2847
c2,s2851
c2,s2876
c2,s2881
c2,s2891
c2,s2896
c2,s2903
c2,s2929
c2,s2931
c2,s2932
c2,s2951
c2,s2957
c2,s2960
c2,s2964
c2,s2967
c2,s2970
c2,s2980
c2,s3018
c2,s3021
c2,s3026
c2,s3044
c2,s3047
c2,s3053
c2,s3054
c2,s3056
c2,s3072
c2,s3074
c2,s3076
c2,s3079
c2,s3096
c2,s3099
c2,s3103
c2,s3129
c2,s3134
c2,s3135
c2,s3152
c2,s3158
c2,s3161
c2,s3166
c2,s3169
c2,s3171
c2,s3176
c2,s3188
c2,s3194
c2,s3195
c2,s3206
c2,s3225
c2,s3226
c2,s3257
c2,s3258
c2,s3269
c2,s3273
c2,s3282
c2,s3283
c2,s3286
c2,s3294
c2,s3317
c2,s3326
c2,s3329
c2,s3341
c2,s3349
c2,s3362
c2,s3365
c2,s3409
c2,s3411
c2,s3413
c2,s3414
c2,s3416
c2,s3426
c2,s3430
c2,s3453
c2,s3454
c2,s3472
c2,s3483
c2,s3485
c2,s3491
c2,s3495
c2,s3496
c2,s3507
c2,s3511
c2,s3516
c2,s3544
c2,s3552
c2,s3556
c2,s3558
c2,s3561
c2,s3566
c2,s3568
c2,s3575
c2,s3581
c2,s3584
c2,s3587
c2,s3589
c2,s3593
c2,s3618
c2,s3625
c2,s3626
c2,s3632
c2,s3645
c2,s3649
c2,s3652
c2,s3661
c2,s3673
c2,s3684
c2,s3686
c2,s3690
c2,s3703
c2,s3720
c2,s3724
c2,s3726
c2,s3737
c2,s3740
c2,s3749
c2,s3751
c2,s3757
c2,s3766
c2,s3767
c2,s3770
c2,s3778
c2,s3782
c2,s3799
c2,s3800
c2,s3806
c2,s3819
c2,s3825
c2,s3833
c2,s3838
c2,s3840
c2,s3841
c2,s3846
c2,s3857
c2,s3867
c2,s3868
c2,s3887
c2,s3888
c2,s3909
c2,s3934
c2,s3938
c2,s3940
c2,s3947
c2,s3950
c2,s3954
c2,s3957
c2,s3960
c2,s3975
c2,s3982
c2,s3986
c2,s3990
c2,s3993
c2,s3994
c2,s3999
c2,s4000
c2,s4006
c2,s4009
c2,s4011
c2,s4022
c2,s4026
c2,s4027
c2,s4053
c2,s4065
c2,s4070
c2,s4077
c2,s4082
c2,s4088
c2,s4091
c2,s4105
c2,s4108
c2,s4110
c2,s4129
c2,s4131
c2,s4141
c2,s4142
c2,s4146
c2,s4150
c2,s4155
c2,s4161
c2,s4163
c2,s4167
c2,s4169
c2,s4171
c2,s4175
c2,s4179
c2,s4185
c2,s4194
c2,s4197
c2,s4212
c2,s4221
c2,s4225
c2,s4243
c2,s4246
c2,s4263
c2,s4267
c2,s4287
c2,s4291
c2,s4307
c2,s4323
c2,s4330
c2,s4331
c2,s4332
c2,s4336
c2,s4341
c2,s4345
c2,s4354
c2,s4362
c2,s4366
c2,s4379
c2,s4381
c2,s4401
c2,s4430
c2,s4436
c2,s4448
c2,s4449
c2,s4453
c2,s4456
c2,s4461
c2,s4464
c2,s4478
c2,s4479
c2,s4481
c2,s4501
c2,s4513
c2,s4521
c2,s4536
c2,s4537
c2,s4546
c2,s4549
c2,s4553
c2,s4557
c2,s4572
c2,s4577
c2,s4586
c2,s4602
c2,s4603
c2,s4607
c2,s4609
c2,s4639
c2,s4640
c2,s4642
c2,s4647
c2,s4658
c2,s4659
c2,s4661
c2,s4666
c2,s4670
c2,s4675
c2,s4680
c2,s4693
c2,s4702
c2,s4708
c2,s4711
c2,s4737
c2,s4770
c2,s4779
c2,s4783
c2,s4792
c2,s4799
c2,s4803
c2,s4809
c2,s4817
c2,s4822
c2,s4824
c2,s4828
c2,s4832
c2,s4854
c2,s4861
c2,s4878
c2,s4888
c2,s4889
c2,s4894
c2,s4896
c2,s4914
c2,s4918
c2,s4928
c2,s4937
c2,s4956
c2,s4972
c2,s4976
c2,s4981
d2,c3
d2,s12
d2,s18
d2,s30
d2,s41
d2,s48
d2,s50
d2,s53
d2,s56
d2,s70
d2,s72
d2,s75
d2,s79
d2,s94
d2,s95
d2,s103
d2,s109
d2,s112
d2,s122
d2,s129
d2,s140
d2,s142
d2,s159
d2,s165
d2,s174
d2,s180
d2,s183
d2,s188
d2,s195
d2,s203
d2,s221
d2,s231
d2,s232
d2,s234
d2,s237
d2,s242
d2,s248
d2,s253
d2,s254
d2,s274
d2,s280
d2,s283
d2,s285
d2,s289
d2,s295
d2,s300
d2,s304
d2,s306
d2,s321
d2,s339
d2,s351
d2,s356
d2,s357
d2,s369
d2,s375
d2,s382
d2,s393
d2,s398
d2,s431
d2,s433
d2,s440
d2,s441
d2,s444
d2,s445
d2,s465
d2,s476
d2,s479
d2,s485
d2,s489
d2,s511
d2,s526
d2,s534
d2,s556
d2,s571
d2,s573
d2,s588
d2,s605
d2,s606
d2,s621
d2,s622
d2,s625
d2,s628
d2,s630
d2,s632
d2,s633
d2,s640
d2,s644
d2,s646
d2,s653
d2,s662
d2,s682
d2,s684
d2,s689
d2,s692
d2,s696
d2,s701
d2,s708
d2,s727
d2,s747
d2,s774
d2,s779
d2,s780
d2,s790
d2,s797
d2,s799
d2,s824
d2,s826
d2,s832
d2,s834
d2,s844
d2,s848
d2,s849
d2,s854
d2,s864
d2,s869
d2,s874
d2,s875
d2,s881
d2,s897
d2,s899
d2,s944
d2,s948
d2,s950
d2,s957
d2,s959
d2,s961
d2,s965
d2,s967
d2,s970
d2,s984
d2,s992
d2,s993
d2,s1011
d2,s1018
d2,s1020
d2,s1029
d2,s1034
d2,s1048
d2,s1056
d2,s1067
d2,s1071
d2,s1079
d2,s1096
d2,s1107
d2,s1108
d2,s1119
d2,s1131
d2,s1134
d2,s1139
d2,s1140
d2,s1143
d2,s1147
d2,s1178
d2,s1185
d2,s1188
d2,s1189
d2,s1191
d2,s1198
d2,s1227
d2,s1229
d2,s1231
d2,s1239
d2,s1252
d2,s1257
d2,s1287
d2,s1292
d2,s1317
d2,s1323
d2,s1324
d2,s1329
d2,s1332
d2,s1334
d2,s1339
d2,s1343
d2,s1349
d2,s1354
d2,s1361
d2,s1362
d2,s1369
d2,s1370
d2,s1377
d2,s1380
d2,s1389
d2,s1395
d2,s1402
d2,s1413
d2,s1414
d2,s1418
d2,s1431
d2,s1449
d2,s1462
d2,s1477
d2,s1481
d2,s1484
d2,s1486
d2,s1499
d2,s1502
d2,s1512
d2,s1515
d2,s1536
d2,s1541
d2,s1544
d2,s1550
d2,s1554
d2,s1563
d2,s1568
d2,s1575
d2,s1583
d2,s1588
d2,s1592
d2,s1611
d2,s1623
d2,s1625
d2,s1633
d2,s1638
d2,s1648
d2,s1651
d2,s1657
d2,s1660
d2,s1661
d2,s1664
d2,s1668
d2,s1672
d2,s1682
d2,s1692
d2,s1695
d2,s1720
d2,s1725
d2,s1729
d2,s1732
d2,s1734
d2,s1744
d2,s1754
d2,s1760
d2,s1762
d2,s1767
d2,s1770
d2,s1775
d2,s1795
d2,s1796
d2,s1802
d2,s1808
d2,s1809
d2,s1824
d2,s1852
d2,s1882
d2,s1902
d2,s1909
d2,s1915
d2,s1930
d2,s1937
d2,s1960
d2,s1961
d2,s1966
d2,s1978
d2,s1990
d2,s1995
d2,s1996
d2,s2003
d2,s2047
d2,s2060
d2,s2074
d2,s2079
d2,s2097
d2,s2117
d2,s2133
d2,s2145
d2,s2153
d2,s2160
d2,s2169
d2,s2176
d2,s2182
d2,s2202
d2,s2215
d2,s2227
d2,s2235
d2,s2248
d2,s2249
d2,s2251
d2,s2252
d2,s2253
d2,s2266
d2,s2273
d2,s2283
d2,s2292
d2,s2293
d2,s2294
d2,s2298
d2,s2322
d2,s2330
d2,s2332
d2,s2353
d2,s2355
d2,s2366
d2,s2388
d2,s2393
d2,s2414
d2,s2418
d2,s2423
d2,s2425
d2,s2430
d2,s2436
d2,s2443
d2,s2463
d2,s2464
d2,s2475
d2,s2501
d2,s2511
d2,s2515
d2,s2528
d2,s2533
d2,s2538
d2,s2561
d2,s2565
d2,s2566
d2,s2568
d2,s2569
d2,s2582
d2,s2584
d2,s2592
d2,s2601
d2,s2620
d2,s2632
d2,s2638
d2,s2644
d2,s2650
d2,s2655
d2,s2666
d2,s2667
d2,s2681
d2,s2722
d2,s2725
d2,s2729
d2,s2733
d2,s2734
d2,s2746
d2,s2752
d2,s2762
d2,s2771
d2,s2773
d2,s2793
d2,s2809
d2,s2811
d2,s2814
d2,s2819
d2,s2824
d2,s2829
d2,s2836
d2,s2837
d2,s2842
d2,s2844
d2,s2848
d2,s2850
d2,s2853
d2,s2859
d2,s2869
d2,s2878
d2,s2894
d2,s2901
d2,s2920
d2,s2923
d2,s2925
d2,s2934
d2,s2935
d2,s2937
d2,s2941
d2,s2944
d2,s2949
d2,s2961
d2,s2963
d2,s2968
d2,s2975
d2,s2978
d2,s2979
d2,s2983
d2,s2984
d2,s2986
d2,s2992
d2,s2993
d2,s3010
d2,s3020
d2,s3028
d2,s3031
d2,s3040
d2,s3043
d2,s3045
d2,s3059
d2,s3062
d2,s3069
d2,s3073
d2,s3077
d2,s3089
d2,s3100
d2,s3101
d2,s3126
d2,s3147
d2,s3148
d2,s3150
d2,s3155
d2,s3156
d2,s3159
d2,s3165
d2,s3174
d2,s3182
d2,s3189
d2,s3190
d2,s3208
d2,s3222
d2,s3242
d2,s3255
d2,s3270
d2,s3275
d2,s3284
d2,s3303
d2,s3307
d2,s3309
d2,s3310
d2,s3313
d2,s3318
d2,s3340
d2,s3343
d2,s3347
d2,s3352
d2,s3373
d2,s3379
d2,s3388
d2,s3393
d2,s3397
d2,s3403
d2,s3405
d2,s3407
d2,s3422
d2,s3427
d2,s3473
d2,s3475
d2,s3492
d2,s3515
d2,s3526
d2,s3531
d2,s3548
d2,s3549
d2,s3567
d2,s3569
d2,s3586
d2,s3596
d2,s3607
d2,s3627
d2,s3635
d2,s3644
d2,s3650
d2,s3689
d2,s3693
d2,s3700
d2,s3716
d2,s3727
d2,s3729
d2,s3738
d2,s3748
d2,s3755
d2,s3760
d2,s3762
d2,s3765
d2,s3771
d2,s3797
d2,s3798
d2,s3802
d2,s3803
d2,s3820
d2,s3821
d2,s3835
d2,s3843
d2,s3844
d2,s3849
d2,s3862
d2,s3864
d2,s3880
d2,s3886
d2,s3894
d2,s3904
d2,s3906
d2,s3922
d2,s3930
d2,s3942
d2,s3951
d2,s3959
d2,s3961
d2,s3962
d2,s3966
d2,s3984
d2,s3992
d2,s4003
d2,s4005
d2,s4010
d2,s4012
d2,s4017
d2,s4024
d2,s4025
d2,s4029
d2,s4036
d2,s4042
d2,s4056
d2,s4059
d2,s4069
d2,s4076
d2,s4078
d2,s4090
d2,s4093
d2,s4100
d2,s4107
d2,s4109
d2,s4115
d2,s4118
d2,s4123
d2,s4124
d2,s4140
d2,s4147
d2,s4156
d2,s4162
d2,s4173
d2,s4181
d2,s4199
d2,s4202
d2,s4208
d2,s4209
d2,s4217
d2,s4247
d2,s4248
d2,s4256
d2,s4258
d2,s4289
d2,s4290
d2,s4299
d2,s4303
d2,s4329
d2,s4334
d2,s4342
d2,s4343
d2,s4347
d2,s4350
d2,s4351
d2,s4352
d2,s4357
d2,s4361
d2,s4372
d2,s4395
d2,s4398
d2,s4404
d2,s4409
d2,s4414
d2,s4415
d2,s4423
d2,s4425
d2,s4435
d2,s4467
d2,s4469
d2,s4474
d2,s4477
d2,s4499
d2,s4502
d2,s4510
d2,s4511
d2,s4532
d2,s4534
d2,s4559
d2,s4567
d2,s4569
d2,s4605
d2,s4606
d2,s4608
d2,s4617
d2,s4633
d2,s4641
d2,s4644
d2,s4649
d2,s4653
d2,s4655
d2,s4656
d2,s4657
d2,s4669
d2,s4673
d2,s4674
d2,s4684
d2,s4691
d2,s4692
d2,s4701
d2,s4704
d2,s4705
d2,s4710
d2,s4715
d2,s4716
d2,s4718
d2,s4720
d2,s4725
d2,s4727
d2,s4728
d2,s4731
d2,s4756
d2,s4760
d2,s4761
d2,s4795
d2,s4796
d2,s4797
d2,s4798
d2,s4805
d2,s4812
d2,s4826
d2,s4835
d2,s4837
d2,s4844
d2,s4846
d2,s4865
d2,s4869
d2,s4872
d2,s4895
d2,s4898
d2,s4899
d2,s4925
d2,s4950
d2,s4953
d2,s4979
d2,s4983
d2,s4990
c3,s9
c3,s17
c3,s25
c3,s29
c3,s32
c3,s36
c3,s45
c3,s47
c3,s96
c3,s100
c3,s101
c3,s114
c3,s145
c3,s146
c3,s154
c3,s156
c3,s160
c3,s187
c3,s204
c3,s218
c3,s223
c3,s247
c3,s258
c3,s262
c3,s265
c3,s286
c3,s292
c3,s314
c3,s315
c3,s325
c3,s327
c3,s334
c3,s367
c3,s370
c3,s374
c3,s392
c3,s403
c3,s406
c3,s408
c3,s424
c3,s443
c3,s462
c3,s464
c3,s472
c3,s480
c3,s501
c3,s506
c3,s517
c3,s539
c3,s540
c3,s541
c3,s542
c3,s545
c3,s560
c3,s562
c3,s563
c3,s567
c3,s584
c3,s591
c3,s609
c3,s611
c3,s617
c3,s635
c3,s639
c3,s673
c3,s686
c3,s693
c3,s699
c3,s700
c3,s703
c3,s713
c3,s714
c3,s722
c3,s726
c3,s734
c3,s748
c3,s751
c3,s754
c3,s757
c3,s763
c3,s764
c3,s768
c3,s775
c3,s785
c3,s798
c3,s804
c3,s810
c3,s811
c3,s817
c3,s818
c3,s820
c3,s828
c3,s835
c3,s839
c3,s841
c3,s843
c3,s859
c3,s867
c3,s876
c3,s880
c3,s888
c3,s892
c3,s918
c3,s921
c3,s926
c3,s945
c3,s952
c3,s975
c3,s1004
c3,s1016
c3,s1021
c3,s1024
c3,s1027
c3,s1028
c3,s1041
c3,s1045
c3,s1053
c3,s1058
c3,s1068
c3,s1088
c3,s1091
c3,s1092
c3,s1099
c3,s1106
c3,s1109
c3,s1110
c3,s1130
c3,s1142
c3,s1148
c3,s1149
c3,s1157
c3,s1170
c3,s1174
c3,s1176
c3,s1182
c3,s1187
c3,s1193
c3,s1195
c3,s1197
c3,s1206
c3,s1209
c3,s1213
c3,s1214
c3,s1215
c3,s1237
c3,s1238
c3,s1263
c3,s1270
c3,s1276
c3,s1284
c3,s1293
c3,s1318
c3,s1327
c3,s1341
c3,s1344
c3,s1348
c3,s1355
c3,s1359
c3,s1368
c3,s1371
c3,s1384
c3,s1392
c3,s1394
c3,s1405
c3,s1410
c3,s1417
c3,s1421
c3,s1457
c3,s1464
c3,s1466
c3,s1469
c3,s1476
c3,s1492
c3,s1493
c3,s1518
c3,s1524
c3,s1530
c3,s1531
c3,s1542
c3,s1549
c3,s1555
c3,s1565
c3,s1566
c3,s1567
c3,s1574
c3,s1581
c3,s1585
c3,s1591
c3,s1606
c3,s1626
c3,s1640
c3,s1662
c3,s1665
c3,s1667
c3,s1675
c3,s1684
c3,s1716
c3,s1724
c3,s1727
c3,s1733
c3,s1738
c3,s1740
c3,s1748
c3,s1756
c3,s1766
c3,s1769
c3,s1774
c3,s1803
c3,s1826
c3,s1831
c3,s1833
c3,s1834
c3,s1836
c3,s1847
c3,s1854
c3,s1859
c3,s1860
c3,s1869
c3,s1885
c3,s1903
c3,s1921
c3,s1927
c3,s1928
c3,s1944
c3,s1945
c3,s1951
c3,s1971
c3,s1974
c3,s1975
c3,s1981
c3,s1983
c3,s2006
c3,s2010
c3,s2016
c3,s2021
c3,s2023
c3,s2037
c3,s2042
c3,s2048
c3,s2051
c3,s2055
c3,s2056
c3,s2083
c3,s2095
c3,s2102
c3,s2103
c3,s2105
c3,s2110
c3,s2112
c3,s2122
c3,s2125
c3,s2131
c3,s2134
c3,s2139
c3,s2144
c3,s2155
c3,s2157
c3,s2165
c3,s2166
c3,s2173
c3,s2184
c3,s2190
c3,s2203
c3,s2205
c3,s2210
c3,s2216
c3,s2236
c3,s2239
c3,s2269
c3,s2272
c3,s2280
c3,s2291
c3,s2305
c3,s2310
c3,s2315
c3,s2324
c3,s2333
c3,s2335
c3,s2338
c3,s2345
c3,s2358
c3,s2362
c3,s2363
c3,s2365
c3,s2378
c3,s2385
c3,s2394
c3,s2401
c3,s2405
c3,s2409
c3,s2411
c3,s2413
c3,s2429
c3,s2433
c3,s2439
c3,s2440
c3,s2446
c3,s2453
c3,s2456
c3,s2468
c3,s2470
c3,s2485
c3,s2492
c3,s2494
c3,s2514
c3,s2517
c3,s2518
c3,s2521
c3,s2523
c3,s2526
c3,s2529
c3,s2545
c3,s2550
c3,s2556
c3,s2558
c3,s2559
c3,s2571
c3,s2572
c3,s2575
c3,s2580
c3,s2589
c3,s2593
c3,s2599
c3,s2603
c3,s2611
c3,s2612
c3,s2613
c3,s2615
c3,s2622
c3,s2624
c3,s2626
c3,s2629
c3,s2641
c3,s2648
c3,s2663
c3,s2671
c3,s2704
c3,s2707
c3,s2713
c3,s2721
c3,s2735
c3,s2738
c3,s2745
c3,s2750
c3,s2753
c3,s2755
c3,s2756
c3,s2765
c3,s2767
c3,s2777
c3,s2806
c3,s2822
c3,s2830
c3,s2832
c3,s2834
c3,s2858
c3,s2868
c3,s2893
c3,s2902
c3,s2904
c3,s2909
c3,s2919
c3,s2921
c3,s2936
c3,s2938
c3,s2940
c3,s2948
c3,s2950
c3,s2977
c3,s2982
c3,s2996
c3,s2998
c3,s3002
c3,s3007
c3,s3012
c3,s3014
c3,s3016
c3,s3024
c3,s3027
c3,s3035
c3,s3036
c3,s3038
c3,s3049
c3,s3052
c3,s3057
c3,s3064
c3,s3090
c3,s3093
c3,s3095
c3,s3111
c3,s3114
c3,s3122
c3,s3125
c3,s3151
c3,s3153
c3,s3167
c3,s3170
c3,s3175
c3,s3179
c3,s3185
c3,s3202
c3,s3204
c3,s3215
c3,s3237
c3,s3243
c3,s3246
c3,s3252
c3,s3268
c3,s3271
c3,s3299
c3,s3301
c3,s3302
c3,s3316
c3,s3324
c3,s3327
c3,s3332
c3,s3335
c3,s3345
c3,s3361
c3,s3363
c3,s3368
c3,s3385
c3,s3387
c3,s3389
c3,s3390
c3,s3400
c3,s3404
c3,s3406
c3,s3421
c3,s3431
c3,s3436
c3,s3442
c3,s3444
c3,s3445
c3,s3449
c3,s3455
c3,s3459
c3,s3477
c3,s3484
c3,s3490
c3,s3498
c3,s3500
c3,s3502
c3,s3518
c3,s3521
c3,s3523
c3,s3525
c3,s3534
c3,s3554
c3,s3557
c3,s3559
c3,s3563
c3,s3564
c3,s3570
c3,s3585
c3,s3590
c3,s3605
c3,s3612
c3,s3617
c3,s3620
c3,s3623
c3,s3624
c3,s3628
c3,s3633
c3,s3655
c3,s3658
c3,s3659
c3,s3681
c3,s3688
c3,s3696
c3,s3697
c3,s3701
c3,s3708
c3,s3719
c3,s3723
c3,s3735
c3,s3739
c3,s3741
c3,s3754
c3,s3756
c3,s3764
c3,s3779
c3,s3784
c3,s3787
c3,s3790
c3,s3792
c3,s3793
c3,s3794
c3,s3805
c3,s3807
c3,s3808
c3,s3810
c3,s3823
c3,s3831
c3,s3850
c3,s3853
c3,s3861
c3,s3878
c3,s3879
c3,s3882
c3,s3883
c3,s3903
c3,s3910
c3,s3917
c3,s3918
c3,s3920
c3,s3927
c3,s3941
c3,s3971
c3,s3973
c3,s3988
c3,s4001
c3,s4007
c3,s4018
c3,s4034
c3,s4037
c3,s4038
c3,s4052
c3,s4060
c3,s4068
c3,s4073
c3,s4079
c3,s4095
c3,s4104
c3,s4116
c3,s4117
c3,s4119
c3,s4120
c3,s4127
c3,s4158
c3,s4164
c3,s4182
c3,s4184
c3,s4186
c3,s4198
c3,s4211
c3,s4213
c3,s4214
c3,s4218
c3,s4226
c3,s4236
c3,s4238
c3,s4242
c3,s4254
c3,s4255
c3,s4261
c3,s4268
c3,s4274
c3,s4276
c3,s4280
c3,s4283
c3,s4294
c3,s4295
c3,s4306
c3,s4309
c3,s4312
c3,s4320
c3,s4333
c3,s4359
c3,s4364
c3,s4386
c3,s4397
c3,s4400
c3,s4402
c3,s4412
c3,s4413
c3,s4418
c3,s4429
c3,s4445
c3,s4458
c3,s4466
c3,s4484
c3,s4486
c3,s4496
c3,s4505
c3,s4515
c3,s4528
c3,s4530
c3,s4531
c3,s4542
c3,s4562
c3,s4563
c3,s4566
c3,s4568
c3,s4573
c3,s4579
c3,s4584
c3,s4585
c3,s4598
c3,s4601
c3,s4611
c3,s4626
c3,s4630
c3,s4648
c3,s4688
c3,s4695
c3,s4697
c3,s4706
c3,s4714
c3,s4722
c3,s4726
c3,s4730
c3,s4741
c3,s4742
c3,s4748
c3,s4755
c3,s4763
c3,s4764
c3,s4765
c3,s4768
c3,s4771
c3,s4772
c3,s4781
c3,s4787
c3,s4793
c3,s4794
c3,s4811
c3,s4818
c3,s4827
c3,s4836
c3,s4843
c3,s4859
c3,s4892
c3,s4900
c3,s4909
c3,s4912
c3,s4915
c3,s4919
c3,s4927
c3,s4936
c3,s4940
c3,s4947
c3,s4954
c3,s4968
c3,s4978
c3,s4982
c3,s4998
c4,s5
c4,s6
c4,s8
c4,s20
c4,s24
c4,s38
c4,s43
c4,s51
c4,s57
c4,s59
c4,s60
c4,s74
c4,s81
c4,s86
c4,s98
c4,s104
c4,s106
c4,s108
c4,s117
c4,s119
c4,s125
c4,s128
c4,s130
c4,s131
c4,s134
c4,s138
c4,s162
c4,s168
c4,s169
c4,s176
c4,s182
c4,s184
c4,s199
c4,s202
c4,s211
c4,s213
c4,s216
c4,s227
c4,s230
c4,s236
c4,s249
c4,s250
c4,s282
c4,s294
c4,s302
c4,s310
c4,s312
c4,s324
c4,s360
c4,s397
c4,s405
c4,s413
c4,s421
c4,s423
c4,s432
c4,s435
c4,s447
c4,s450
c4,s457
c4,s470
c4,s471
c4,s477
c4,s483
c4,s486
c4,s491
c4,s492
c4,s493
c4,s497
c4,s499
c4,s508
c4,s513
c4,s521
c4,s522
c4,s531
c4,s535
c4,s547
c4,s554
c4,s569
c4,s596
c4,s601
c4,s647
c4,s649
c4,s652
c4,s656
c4,s660
c4,s663
c4,s670
c4,s677
c4,s678
c4,s681
c4,s685
c4,s691
c4,s706
c4,s707
c4,s712
c4,s716
c4,s735
c4,s755
c4,s767
c4,s770
c4,s778
c4,s781
c4,s792
c4,s794
c4,s806
c4,s838
c4,s861
c4,s866
c4,s870
c4,s873
c4,s878
c4,s883
c4,s886
c4,s890
c4,s891
c4,s898
c4,s907
c4,s908
c4,s911
c4,s919
c4,s922
c4,s930
c4,s939
c4,s958
c4,s966
c4,s977
c4,s982
c4,s986
c4,s989
c4,s990
c4,s997
c4,s1002
c4,s1003
c4,s1005
c4,s1008
c4,s1030
c4,s1032
c4,s1049
c4,s1060
c4,s1074
c4,s1083
c4,s1101
c4,s1103
c4,s1113
c4,s1117
c4,s1120
c4,s1137
c4,s1138
c4,s1150
c4,s1155
c4,s1165
c4,s1167
c4,s1177
c4,s1179
c4,s1184
c4,s1202
c4,s1222
c4,s1223
c4,s1224
c4,s1235
c4,s1247
c4,s1248
c4,s1251
c4,s1258
c4,s1275
c4,s1277
c4,s1283
c4,s1289
c4,s1299
c4,s1308
c4,s1309
c4,s1310
c4,s1313
c4,s1328
c4,s1338
c4,s1340
c4,s1345
c4,s1367
c4,s1376
c4,s1383
c4,s1386
c4,s1399
c4,s1401
c4,s1406
c4,s1412
c4,s1420
c4,s1427
c4,s1434
c4,s1442
c4,s1443
c4,s1444
c4,s1451
c4,s1456
c4,s1468
c4,s1485
c4,s1491
c4,s1503
c4,s1508
c4,s1525
c4,s1527
c4,s1548
c4,s1553
c4,s1557
c4,s1558
c4,s1571
c4,s1579
c4,s1582
c4,s1586
c4,s1613
c4,s1630
c4,s1637
c4,s1645
c4,s1654
c4,s1663
c4,s1671
c4,s1674
c4,s1676
c4,s1696
c4,s1698
c4,s1699
c4,s1701
c4,s1707
c4,s1711
c4,s1736
c4,s1745
c4,s1746
c4,s1747
c4,s1759
c4,s1761
c4,s1771
c4,s1772
c4,s1782
c4,s1789
c4,s1794
c4,s1800
c4,s1805
c4,s1811
c4,s1813
c4,s1821
c4,s1838
c4,s1846
c4,s1865
c4,s1875
c4,s1877
c4,s1880
c4,s1891
c4,s1894
c4,s1900
c4,s1905
c4,s1908
c4,s1938
c4,s1939
c4,s1941
c4,s1947
c4,s1952
c4,s1963
c4,s1970
c4,s1976
c4,s1979
c4,s1980
c4,s1987
c4,s1988
c4,s1993
c4,s2015
c4,s2020
c4,s2022
c4,s2027
c4,s2032
c4,s2034
c4,s2063
c4,s2064
c4,s2069
c4,s2070
c4,s2075
c4,s2077
c4,s2078
c4,s2087
c4,s2093
c4,s2132
c4,s2137
c4,s2143
c4,s2150
c4,s2152
c4,s2156
c4,s2158
c4,s2163
c4,s2164
c4,s2171
c4,s2183
c4,s2189
c4,s2191
c4,s2196
c4,s2209
c4,s2214
c4,s2219
c4,s2232
c4,s2238
c4,s2242
c4,s2256
c4,s2278
c4,s2282
c4,s2285
c4,s2297
c4,s2301
c4,s2311
c4,s2312
c4,s2318
c4,s2319
c4,s2323
c4,s2326
c4,s2342
c4,s2344
c4,s2346
c4,s2352
c4,s2379
c4,s2380
c4,s2382
c4,s2400
c4,s2404
c4,s2408
c4,s2428
c4,s2431
c4,s2450
c4,s2451
c4,s2473
c4,s2476
c4,s2498
c4,s2508
c4,s2512
c4,s2522
c4,s2531
c4,s2548
c4,s2588
c4,s2600
c4,s2604
c4,s2614
c4,s2637
c4,s2643
c4,s2645
c4,s2658
c4,s2662
c4,s2670
c4,s2679
c4,s2680
c4,s2683
c4,s2685
c4,s2686
c4,s2691
c4,s2694
c4,s2720
c4,s2728
c4,s2736
c4,s2737
c4,s2747
c4,s2760
c4,s2761
c4,s2764
c4,s2768
c4,s2775
c4,s2803
c4,s2808
c4,s2840
c4,s2843
c4,s2852
c4,s2867
c4,s2872
c4,s2883
c4,s2884
c4,s2905
c4,s2911
c4,s2916
c4,s2945
c4,s2955
c4,s2959
c4,s2962
c4,s2981
c4,s3022
c4,s3048
c4,s3058
c4,s3075
c4,s3083
c4,s3098
c4,s3115
c4,s3119
c4,s3128
c4,s3130
c4,s3131
c4,s3141
c4,s3163
c4,s3172
c4,s3173
c4,s3177
c4,s3180
c4,s3184
c4,s3186
c4,s3193
c4,s3196
c4,s3219
c4,s3220
c4,s3236
c4,s3240
c4,s3245
c4,s3247
c4,s3248
c4,s3250
c4,s3260
c4,s3261
c4,s3272
c4,s3278
c4,s3279
c4,s3285
c4,s3291
c4,s3304
c4,s3306
c4,s3311
c4,s3312
c4,s3330
c4,s3333
c4,s3336
c4,s3344
c4,s3348
c4,s3351
c4,s3364
c4,s3366
c4,s3369
c4,s3377
c4,s3381
c4,s3384
c4,s3392
c4,s3395
c4,s3402
c4,s3418
c4,s3420
c4,s3446
c4,s3450
c4,s3452
c4,s3457
c4,s3464
c4,s3470
c4,s3476
c4,s3478
c4,s3479
c4,s3480
c4,s3486
c4,s3493
c4,s3504
c4,s3509
c4,s3520
c4,s3530
c4,s3551
c4,s3555
c4,s3562
c4,s3594
c4,s3602
c4,s3603
c4,s3608
c4,s3610
c4,s3611
c4,s3613
c4,s3642
c4,s3643
c4,s3651
c4,s3653
c4,s3654
c4,s3677
c4,s3678
c4,s3679
c4,s3685
c4,s3687
c4,s3691
c4,s3692
c4,s3702
c4,s3711
c4,s3714
c4,s3715
c4,s3745
c4,s3746
c4,s3753
c4,s3773
c4,s3776
c4,s3789
c4,s3791
c4,s3795
c4,s3796
c4,s3801
c4,s3804
c4,s3822
c4,s3824
c4,s3828
c4,s3830
c4,s3832
c4,s3837
c4,s3860
c4,s3863
c4,s3872
c4,s3876
c4,s3881
c4,s3884
c4,s3899
c4,s3913
c4,s3914
c4,s3916
c4,s3964
c4,s3967
c4,s3972
c4,s3976
c4,s3977
c4,s3995
c4,s4013
c4,s4016
c4,s4023
c4,s4031
c4,s4072
c4,s4074
c4,s4075
c4,s4084
c4,s4087
c4,s4106
c4,s4126
c4,s4128
c4,s4135
c4,s4136
c4,s4139
c4,s4144
c4,s4145
c4,s4148
c4,s4149
c4,s4153
c4,s4157
c4,s4166
c4,s4168
c4,s4170
c4,s4193
c4,s4200
c4,s4205
c4,s4207
c4,s4232
c4,s4234
c4,s4235
c4,s4244
c4,s4264
c4,s4269
c4,s4296
c4,s4298
c4,s4305
c4,s4314
c4,s4316
c4,s4318
c4,s4321
c4,s4339
c4,s4348
c4,s4367
c4,s4371
c4,s4376
c4,s4383
c4,s4387
c4,s4390
c4,s4396
c4,s4405
c4,s4406
c4,s4419
c4,s4422
c4,s4424
c4,s4447
c4,s4452
c4,s4454
c4,s4460
c4,s4462
c4,s4473
c4,s4489
c4,s4490
c4,s4492
c4,s4497
c4,s4498
c4,s4500
c4,s4508
c4,s4516
c4,s4519
c4,s4523
c4,s4540
c4,s4575
c4,s4580
c4,s4588
c4,s4595
c4,s4615
c4,s4621
c4,s4624
c4,s4635
c4,s4638
c4,s4645
c4,s4679
c4,s4686
c4,s4690
c4,s4698
c4,s4733
c4,s4740
c4,s4747
c4,s4762
c4,s4767
c4,s4777
c4,s4786
c4,s4789
c4,s4801
c4,s4806
c4,s4831
c4,s4848
c4,s4852
c4,s4860
c4,s4867
c4,s4877
c4,s4882
c4,s4885
c4,s4890
c4,s4897
c4,s4902
c4,s4907
c4,s4917
c4,s4939
c4,s4961
c4,s4965
c4,s4969
c4,s4970
c4,s4971
c4,s4980
c4,s4986
c4,s4992
c4,s4999
