cell,V1,V2
448,-6.70645307183552,0.293673209237152
624,0.449453366991992,-0.508329101515717
733,0.456825031039233,-3.26574046225638
1011,-2.59441779732991,0.634589723633819
546,-6.43936132073689,0.602531961487823
439,-4.19097970605183,0.98219143538385
107,-0.449391828778272,6.60993187813669
9,-7.65503762841511,-4.90946013541312
443,-3.83058093667317,0.557107857750946
654,7.77461792349529,-0.047474332762665
333,7.4345014226408,-0.916696854544586
902,0.445446504351611,-0.501696773482269
195,-0.258714901211743,5.48067992119699
615,0.616072429415698,-3.38381583304495
762,7.52352358221721,-0.665798493338532
314,-4.05588554024983,0.606934598969513
1083,7.69091249823284,-1.20610887618155
1046,-4.47726892113972,1.21441753892809
233,-5.30260966897297,1.10064973621278
304,-3.1062438356905,1.41823323382645
956,2.78415848135662,-3.73837573142142
685,0.283596051928515,-0.198221393538422
614,0.660877717730517,-3.7734409055242
1122,2.75411289006185,-3.70374638648123
259,-3.98321460366536,1.14570727138429
69,6.71788288473796,-0.187390633536286
387,-5.4357926714449,-0.781299658728546
453,-3.49282239556599,1.10912661938577
990,-0.19588659882832,5.60548441796213
77,-3.53899596810627,1.38757268464773
1166,0.22018195509624,5.91840165047556
421,6.60988403677654,-0.699373074484772
472,2.76277949481916,-3.73758465857596
1146,-2.8592488634615,0.853391102837616
962,-0.00744317651081561,6.28883641152292
47,2.78090791225147,-3.60027844519705
190,5.92405654310894,-0.30126244635672
55,-5.15855859399128,1.15020260898977
668,-3.52192805886555,1.63177593736559
50,4.80132128119182,-0.70178324790091
551,6.7180855405302,-0.693054982138581
395,-0.212968097928052,5.43079703240305
1079,-4.89005302071858,-1.09239608855338
136,0.551579965350146,-3.7606497487554
953,7.95092846274089,-0.37072307677359
280,-8.03310750603962,-4.47014720053763
753,-0.151838766339307,5.57770245461374
664,-2.96055339455891,1.45907854972988
892,6.82636715292644,-0.662925311041779
417,-0.0757503378419924,6.24457114128976
726,-4.89756463647175,-1.07945949645132
1018,-6.41695951104451,0.638385228203827
549,-4.26170276284504,1.06583087830453
353,-4.58241532922078,-1.33453757376761
498,-6.42799256921101,0.52474217801004
525,7.70883776068401,-0.702117987585968
278,-7.67717431664753,-4.88905913443655
597,6.72451044439983,-0.0454078397283022
714,-7.62987683892537,-4.93523842902274
593,0.214669479128833,-3.05984503836722
701,0.713867915865893,-3.34511000723929
727,-6.38191388726521,0.452856473015838
987,5.55225969671917,-0.633120246840424
671,-0.663901077511792,6.42498915581613
449,6.84729505896282,-0.326293774558014
80,-0.0711607801942873,-3.55280644507498
644,7.25509287237834,-0.480835386229462
917,-2.9802467691927,0.519665829228454
969,7.92914987921428,-0.0882660827168886
835,-6.22589753747273,0.461891225861603
473,-4.09140227914143,0.707944981144958
11,7.55810810446453,-0.0669760188588564
842,0.620995534655566,-3.48341710181326
373,-6.21152948022175,0.36814057021051
972,0.149472964999194,-3.60846049399466
868,-0.432791935208325,6.52363102822214
371,-3.51224349618245,1.09571566371828
1012,7.16494346975994,-0.297946520758576
559,7.58792759298992,-0.121743985129303
312,6.68478251814556,0.0864359655848081
856,-7.62822126031208,-4.93214184851736
968,-5.19683908105183,1.14817102937608
552,-5.6986625063448,0.0735663691034849
151,7.00873066305828,-0.381254740668244
696,-2.96399711251545,1.47022594450622
939,-6.51405023217488,1.12372436313539
277,-4.2500073778658,0.942535392331177
770,-3.84453414559651,0.637284628438049
30,0.343193544146533,-3.62577063651175
1063,-3.91034577966023,0.701241187142425
385,7.33460880636882,-1.01276547522635
177,7.67939020514202,-0.551527210188812
526,-3.58486198067952,0.974835357951217
0,-4.79987977624226,-1.17756874175162
694,6.12729789137554,-0.303071447325653
414,7.97124363302898,-0.178753205252594
1087,-5.16956828713704,1.09304901151567
681,-6.01480172753621,-0.057879754019684
649,-6.60446714043904,0.893575332449966
19,-4.30313848138142,1.22765401689916
93,7.78916288733196,-0.58354754061789
37,-3.43501733422566,1.62500562457948
481,-7.97154019952107,-4.39032656760306
1089,-2.50821708321858,0.789997211979919
95,-0.468883501294141,6.52846281914621
1112,2.78995666473817,-3.70241171927542
832,7.00042654394817,-0.384521790457672
596,-5.6211011278658,-0.511767812682099
133,2.76802444278907,-3.71900612921805
485,0.00573159575175763,6.27997391610056
675,-3.53550218224812,1.1685502001515
463,7.31329800009441,-0.419545718146271
451,0.0429008138151121,6.31087582497507
1115,0.457191957232471,-3.12256009192557
291,6.41881634115886,-1.12325174422354
198,-0.682253586056714,6.40597908883005
76,5.80927468657207,-0.328854390097565
8,2.83367350518417,-3.72249705405325
1134,-6.54883645654011,0.365654818104797
852,7.57923103689861,-1.19181568236441
103,-7.9334790575533,-4.52625519843192
906,6.32665778517437,-0.144231029463715
1065,-4.22227643609333,1.23225258974939
400,0.963823093173022,-3.5650292119512
130,-5.25333045602131,-0.356788822127289
1154,7.29370571493816,-0.941078968954987
299,-3.46485065102864,1.51414688615709
43,0.434471620318408,-0.585639663649506
455,4.79641438841533,-0.711020060492462
176,-0.209042059185987,5.52000039009958
1200,7.53675772070598,-1.205341645194
79,6.05553723692607,-0.709647723151154
145,-0.224658714535718,6.63876240639597
688,4.79997683882427,-0.701308318091339
1023,-3.37564824700642,1.06474136500269
1010,0.293732656237597,-3.30070168585867
650,6.01368953108501,-0.336675592375702
705,-2.51816152215291,0.892503253506714
1177,-4.34112762093831,1.30069634257465
487,-5.4347407686739,-0.110584445906586
462,7.75761772513103,-0.646126337958283
823,0.101198924777026,-3.07707507224173
219,0.422115815875049,-3.28058058829398
290,6.99418426871013,-1.17052371115775
345,-6.70541642785359,0.905805907534653
435,6.79947544455242,-0.24032814116568
317,7.9066956174345,-0.0700872621068422
577,6.36661912321758,-0.248710580779022
113,6.43258739828777,-0.272268958998627
755,4.52015663504314,-0.806629725409455
811,7.59779240011882,-0.105706878615326
147,6.54337288260173,-0.427264638853974
547,-0.224555956128125,5.4913238802424
742,-3.93328641534138,0.578962079571777
359,5.20854092955303,-0.751939841223664
599,-4.16399835229207,0.888224802302414
494,6.54870821356487,-1.20681197257132
25,4.44055200934124,-1.67141658873648
403,-8.02453969598103,-4.47317463965506
895,0.305183185336108,-3.41392714591116
885,6.88940121054363,0.133538536118561
324,0.463675512072558,-3.48228413672537
993,-5.31297038674641,-0.383347340537018
652,6.66997481703472,-0.0672528228291933
1138,-0.0262033808260012,6.24739926247507
209,5.76212264418315,-0.617366739226288
1159,7.97940660834026,-0.820343800497956
1157,6.44226838469219,-0.0247123918065493
928,-6.57141946435261,0.000541976975494185
865,0.172456992861743,-3.25442320914359
301,2.83727511584472,-3.71533925147147
308,-4.85608695626545,-1.11474353880972
1150,-4.87395881295491,-1.10914713950247
639,5.8005104196043,-0.494184204054779
303,-0.0366902220277834,-2.94997603507132
524,-6.62856362939167,0.834327749299103
1015,4.75163842558574,-0.73170358748526
65,5.98244549154949,-0.462063141776032
736,5.04957867979717,-0.559253164244599
1107,6.20461894392681,-0.347196765852875
61,7.21315838217449,-1.13180405707449
380,-5.72535775780964,0.498931936310821
458,-7.68959210992146,-4.89665276618094
41,0.7144473922224,-2.59708101363272
527,-6.39796422601033,0.716925732182556
875,6.20481897711467,-1.15094453902335
273,0.74207772135448,-2.66374785513968
431,-0.208251463177686,6.29418414025217
58,0.474606527087207,-3.38128192038626
563,3.00096140622806,-3.63560397238821
743,-3.41391776681233,0.619159452008301
591,0.329004300829883,-3.7325096807012
715,-0.178888784649854,5.56137364296823
1035,6.98292709707927,-0.223752208662934
600,0.659727109667773,-3.73359734625906
553,0.561314834353442,-3.75010020346732
1074,5.92817832350444,-0.198067613554901
122,4.80464412092876,-0.689457961035675
170,7.01226498007488,0.153912595795685
1114,-5.77075837731648,-0.483372159911102
62,6.90220095038127,0.176019600915008
623,6.67419220328044,0.0242720165720518
52,7.53608251928997,-0.736839123679108
456,-6.73450158715535,0.241972736405426
44,-7.70459817529011,-4.85826260657401
108,7.51979280829143,-0.47873408408255
765,6.90729881643962,-0.454654761267609
629,0.304482711550708,-3.22995240302176
1098,-7.6664826738863,-4.89476592154593
508,0.382322562930102,-3.17135579199881
186,2.59077226936531,-3.54039198966116
738,-3.78172181725789,0.857049874352508
555,-4.09622882485676,0.811183980988556
1178,-3.96559165597249,0.584303609417969
758,-8.03623269677449,-4.45702416510672
886,-6.01326821923542,0.169564179467254
489,-5.49038671136189,0.962143383311325
710,-4.38130067467976,0.950974188136154
281,-5.40436528802205,-0.486768194151825
670,0.689447058436389,-3.41563946814627
252,6.3037572038145,0.026544860886627
973,5.03630734801006,-0.668896265936798
1103,0.228043807742114,5.9242228785029
584,-3.3783614504366,1.65258588580995
501,0.398859752413745,-2.8775463780889
221,6.50583435415935,-0.444579192114777
127,-6.54229138970662,0.733098022030884
1143,7.34825207113933,-0.949740954352326
981,4.81115127920818,-0.675236292792267
347,-7.62985204339314,-4.93355567069144
820,0.468564761874194,-3.49766976447195
26,-6.23422978997517,0.439383677529388
143,7.13886429190349,-0.930398055029816
683,-0.18453692078877,5.43304007439523
557,-4.87674783349324,-1.10629160018057
466,2.88988044678878,-3.74735076041312
717,6.38568760275554,-0.409001656485504
48,-5.31480764031697,-0.351599403334564
1172,6.57704807638835,-1.04790718169302
617,0.806266082522388,-3.46334845633597
13,-0.484212862256055,6.49790757088571
1164,0.543727411028857,-3.38371998877615
890,0.11686278700542,-2.94966466040701
1017,6.73136927008342,-0.0909684381017153
829,-5.54926656365681,-0.176817723227448
232,6.35780097365093,-0.0427368363866274
457,6.05245448469829,-0.312642880392975
507,-2.46205066323567,0.828898541020447
1029,7.08252312063884,-0.57477683634848
243,-3.99651788354207,0.577129475163513
298,-6.25434754967976,0.574344865368896
102,-4.80110429406453,-1.16865284056754
354,5.23687626242351,-0.608950205756134
535,0.675501836535449,-3.65155369849295
389,7.82455850958538,-0.107262202216095
1004,0.519817365405078,-3.1165486058721
656,6.42736960768413,-0.380149908972687
369,-6.50562165856648,-0.0471624812612002
91,-7.68130658746052,-4.87803370566458
866,6.86471392035198,-0.38743073554129
764,7.46650816321086,-0.888961621237702
568,7.02934004187297,0.0709345856180723
29,-5.20306180596638,-0.674547978354401
1167,0.151775373217578,-2.91226250739188
404,7.31245304465007,-0.419471927596039
306,5.21336318373394,-0.621278115225739
183,-0.416564213040357,6.5828184404841
725,0.403676284548755,-3.01678950400443
914,7.4410874974699,-0.474737354231781
205,5.72050978064251,-0.443694063139862
416,6.2039139401884,-0.293828435851044
924,-6.61477922082234,0.846860460328155
141,5.09058858275127,-0.802005358649201
795,-5.4392688143282,-0.529004999113983
189,6.18615366339397,-0.0326073846349184
772,-5.14014218926716,1.08851610808282
88,-0.355434881451612,6.45267527489572
434,0.559407724139209,-3.33015019507498
1149,-4.32482837319661,1.25101778595357
862,4.79254437803936,-0.69483048529715
543,-6.38733838677693,-0.206728526068634
368,-3.53927396416951,1.23699425845056
1043,0.31555868506145,-0.240992852164215
482,6.31525422453594,-0.723789282751984
771,-2.49676202416707,0.894444636391693
193,4.85525776266765,-0.644439526511139
562,0.636157048937793,-3.57568890662283
643,0.772105706927295,-3.37225586981863
1105,-6.70870660424519,0.915698341416412
216,-0.463474975827222,6.45991318612009
288,7.78605867743206,-0.593548484755463
1187,-3.96315883279133,0.628044060753876
1025,0.698808802363391,-3.75589234442801
802,6.75431276678752,-0.116191931677765
444,7.71973539709758,-0.144316979361481
819,1.16961933493328,-3.51596457572073
123,7.20403648733806,-0.932703801108307
855,0.793634427783008,-3.27616126151175
201,-0.300827728512769,5.50593274025827
178,6.37366296171855,-0.592871018362946
1000,-0.0328554976015139,-3.01484686942191
120,6.61929751753521,-0.310863085699982
759,-7.66983102441121,-4.89483315558524
1188,6.37369681715679,-1.18870026679129
438,-6.07399724602986,-0.388392396880097
974,6.02732826590251,-0.348444410277313
338,0.277018321749682,-3.07931382269949
1005,-3.38556455254841,1.58497100262552
900,-4.67522691369343,1.10847600488573
432,-7.98603032708455,-4.50307042212576
702,-4.51737140298176,1.33788297078221
1001,-5.15230916619587,1.13629380552679
87,-3.25500367760945,1.46960540054946
89,-3.91778396249104,0.68091928152948
645,1.15420354723644,-3.22675854773611
200,0.694393886324878,-3.04749543280692
142,7.083988441226,-0.79865915389151
1158,-6.36389516473103,-0.196291275931305
673,0.542040122744555,-2.67998368353934
490,2.78023569106769,-3.70303446860403
898,6.37141252875042,-1.16679579825491
81,-6.70005487084675,0.917535416173034
843,5.08738399862957,-0.763759680701203
704,-4.469478355649,1.18301922767072
276,2.86624330103111,-3.71772772879691
985,-2.9626948702364,0.506206623601013
598,5.28657246947002,-0.452803321791596
724,0.302363647219653,-2.93773753256888
361,7.21601940512371,-1.10313946814627
604,-2.50069831490803,0.860650710152679
285,-4.81414197564412,-1.16463214964957
293,7.22955871939373,-0.00381047339529439
1080,0.524271024462695,-3.29922015280814
258,0.443156493899341,-0.505544134093231
215,-5.39383386254597,-0.459334321928925
871,5.82333995222759,-0.961329050970978
608,-5.77409242272664,-0.541410156203217
51,-2.96908639550496,1.4508200356236
86,-3.88537906289387,0.625357142972046
684,-6.62046979546833,0.977290056037002
697,6.71863104223918,-1.18683702559561
1162,-3.88296483636189,1.20371130793005
707,6.62570620894146,-0.178715654326386
572,0.287520421740527,-3.72140462012381
550,2.81803229272079,-3.692885943366
896,-5.96911309838582,-0.402733632040924
814,0.342495931384082,-2.99714667410941
40,-0.292007671597486,5.48662798790842
391,-4.88053105950642,-1.12513095946402
355,-0.434320913556104,6.50849192528635
1027,-2.99610160470295,1.44724067239671
1072,0.386950982806201,-3.77855212302298
484,4.83426166891765,-0.665170498801178
330,-2.4620149004488,0.862565628575378
206,-3.16395639062214,1.29645238755851
1100,-4.85506890893269,-1.13050062270255
799,0.509346259829516,-3.30346734137625
998,0.269560827013965,-3.15522057623953
695,-5.20468686700154,1.1005280831328
514,5.95885349631023,-0.393413611365265
323,1.1832213532896,-3.24186045737357
846,-4.36826585412312,1.08204664974123
214,4.78191114783001,-0.724534102393097
204,-5.2661616671114,1.14180175154119
980,0.379476798769946,-3.3823595723638
965,7.39824844717693,-0.955720730734772
780,-3.6284515726595,1.01290651349931
655,-6.71167443871785,0.220213464783722
789,6.78704429983806,-0.302709885550446
279,5.66792227148723,-0.587853380156464
407,6.91766048788738,-1.07750041098685
744,6.95173002600383,-0.982444592429108
386,-5.17168544411946,1.02894785194307
56,-0.419429050686841,6.55409710793405
700,0.13527418493938,-3.5208888730535
1052,0.221422208544726,-2.90391118140311
607,-6.31566213250447,0.51822339682489
14,7.37421823858928,-0.171152659369415
601,-3.30426381707478,0.61305605559259
977,-3.9550945627718,0.605225495385223
352,-7.62796949029255,-4.93905980200858
510,7.2666957509489,-1.01495797247977
853,7.25725389837932,-0.194445916129059
651,-3.87175344109822,0.999170086669021
1130,6.85498310446453,0.00147705464273051
778,1.02694989561748,-3.16168887229056
879,2.78160218715381,-3.70192677588553
970,-5.13897107720662,-0.240469404173798
83,7.53863598227214,-0.174839802695221
85,0.414651407000537,-3.41174895377249
42,6.15168072104168,-0.374393650008148
931,4.98882056593608,-0.748722620917267
263,-3.9712192881136,1.0802332678309
1077,0.697022212740893,-3.76652819724173
249,6.51288439154338,-0.282116957617706
533,6.19759680151653,-0.228034563971466
24,0.0137541425199461,6.27069323449045
411,-4.86857007623005,-1.11716253371329
722,8.00277353644084,-0.782846280051178
723,-3.91498635888386,1.43126462339073
729,-6.27173684716511,0.68828444867044
382,-0.246045099499707,5.49312537102609
943,-3.55574725747395,1.69931393055826
666,0.219232572314258,5.91776841072946
418,6.17771054625225,-0.315302916480011
1137,5.41336847662639,-0.606553264571137
351,-0.117287384274487,6.05813734917551
388,7.02387119650554,-0.145093747092194
105,7.02097727179241,-1.17986065955252
31,0.459571374651904,-3.16395241828055
994,-5.30733321786213,-0.355473466826386
73,0.595856679675097,-3.19889981360526
446,0.16896559118938,-2.51035697074026
294,6.62693764090251,-0.51537377448172
1026,-5.78882478356648,-0.513712831450409
256,-0.428310381176953,6.5443023958674
202,-3.57003043771077,1.095967821168
134,-6.33914159417439,0.867452017354065
1176,-4.03065370202351,0.647016338395172
166,6.77298380255413,-1.17473561377615
1051,-6.69260667443562,0.327323369072967
773,-7.88939736962605,-4.37108094306082
988,0.616369498965259,-3.14547640891165
59,-3.4194762575655,1.66847141771226
342,-0.314673172238355,5.36523907570749
265,0.62827111601543,-3.1192455968389
115,-0.258172022107129,5.46871512322336
68,-7.65534375787068,-4.9055734357366
837,0.330084813830371,-3.30324942679495
961,-2.91561721444417,0.455645195530945
492,7.64437986731243,-0.601917572928375
241,-5.18253968835164,-0.566093631697602
1041,-5.83624814629841,-0.299217172575897
203,-0.196715103390698,5.57729857354074
332,5.19925762533855,-0.651553698492951
430,0.0594914090604735,6.2718905725947
750,-5.94200013757039,-0.0742682895192568
121,7.10629440664959,-0.197364994002289
864,-5.87500451684285,-0.255060025168366
125,-2.46083329797078,0.829845122384125
808,1.13974000334453,-3.22773034186453
946,-6.53293870568562,0.871426693486267
927,6.51605893492412,-0.159789749098725
982,-4.87369607568074,-1.1110656938085
412,7.71220852255535,-0.718309231711334
718,-3.77059911370564,1.42534414617925
349,-5.51741670251179,-0.73587781996817
374,5.51018430113506,-0.0521721324452822
300,0.344475044009204,-3.25598818869681
836,7.18303181051921,-0.141317316008515
12,1.03188396811199,-3.47273642630667
335,-3.81940196633626,1.32761952220111
938,7.26669622778606,-0.202716418219513
396,-5.37954972863484,-0.418672271681732
582,0.685072673556323,-2.51220256896109
518,5.60825587629985,-0.154459186507172
1126,-0.390809999707227,6.58644478707224
296,0.788450969454761,-3.38065440268607
984,6.12238742232036,-0.433786579085297
548,-6.61979077935505,0.931131682681137
326,7.92175318121624,-0.117742486906952
605,-6.28057931542683,0.664067439126068
1032,-4.02021430611897,0.754793933915191
1059,-5.18126653313923,-0.528674670172638
708,-8.03143476128865,-4.46422059149832
364,-4.87218354821492,-1.10450894446463
1040,-6.4356591570406,0.732491485165649
873,-4.17873214364338,0.841714612530762
367,6.78627230047893,-0.782025166464752
370,-0.435691820385938,6.58566515831857
739,3.12123526453685,-3.29868990988821
218,-4.52508853555012,1.30313981636077
905,7.46551824927043,-0.891607590628571
640,5.29942489981365,-0.566849776221222
806,6.51264430403423,-0.857782669974274
989,2.77938762873125,-3.71298653693289
1094,-4.56547425866414,1.29092663465648
350,6.0217497479887,-0.288518734885163
1181,5.89028049826335,-0.436799713087982
975,6.84223057150554,-0.356439538908905
828,7.29840637564373,-0.957624979926056
1092,-0.0681953299074221,5.74935954003244
590,-7.95909761071492,-4.44040782065482
1175,-8.00543950677205,-4.48125512213797
346,-6.61022447228718,0.726170770215088
1081,0.744451655146594,-2.43701846213431
420,6.92715288519573,-1.02330882163138
1056,7.94871736883831,-0.421658702803559
327,7.36107183813762,-0.954488106680817
18,-4.32051919579792,1.16240069954305
1106,2.81183995127391,-3.69144208045096
1076,-6.42063687920857,0.855288974331909
275,-4.22239421487141,1.38298099240869
71,7.16788507818889,-0.400281973792023
716,-5.41521619439412,0.920440218733841
155,5.97697855353069,-0.36373586268515
34,4.78281618475627,-0.74599129767508
1003,7.91712929129314,-0.0865007123479311
893,2.80051738589715,-3.70755726904959
515,-0.360512243512158,5.43144648461252
919,7.04987455725383,-0.523360796881623
964,-8.0018212664156,-4.4850526532659
825,0.288149608370776,-0.20704812617392
1204,-6.38961290002156,0.589307538556152
628,-6.34502862572957,0.932426325367981
925,6.5780024659605,-1.19760830016226
585,7.66570688605022,-0.657943316412873
883,7.91670729040813,-0.0711448869237368
164,6.56202389120769,-0.201077886534638
148,7.79844023108196,-0.623314925147003
910,-6.52883599877644,0.685449234532409
436,0.33450342535686,-2.89114625067801
1125,-3.04228376031209,1.42680743275791
618,-4.11933873772908,1.17106065838247
760,-4.38584350228596,1.26423945962101
692,-6.12765954613972,-0.361824580145783
33,-7.60369657159138,-4.96548182578177
295,5.57824016928386,-0.437477656317658
901,0.640927089449878,-2.546485968543
979,0.689106596705432,-2.68980891318411
1156,-3.51124786019612,1.6028554060927
1124,-4.11664079308796,0.895752451705032
437,0.620862973925586,-3.88052088828177
329,6.8777387273283,-0.775646038962311
522,7.41652609228801,-0.534735628081269
959,0.10590554594707,-3.51123149008841
268,-3.5013444292574,1.04417680888086
337,0.0650532376737547,6.31394808678537
589,-4.29713605523396,1.52136126844793
1129,-4.2123925554781,1.47585134147316
188,6.8986332547636,-0.248085924101776
880,2.83960304975223,-3.70940835089774
638,-2.45827888131428,0.806695572423034
887,-3.67182897210408,0.998254082488113
262,0.0067944657773924,6.07839672951608
537,-5.16650937676716,1.05750947384744
859,-0.27157019257832,5.44731228737741
888,6.86998106360149,-0.968629189444489
82,-0.0687112677125978,6.29571860222726
110,-2.98381637215901,1.45106927244573
752,-7.63798307061482,-4.92698390097708
930,0.640977395770068,-3.41464669318289
425,-3.72799848199177,1.55854792086988
687,-6.37038873315144,0.507914773510986
528,-0.129720197918897,5.54394619851022
1144,-6.5449817049532,0.790239504860931
854,-6.53847669244099,0.00157814412026958
497,-5.20549033761311,1.04969366578966
916,-5.29934810281086,-0.340737648917145
35,7.97941042303752,-0.127419897032685
709,-4.22643922448445,0.801054767655426
1090,0.512439979311938,-3.57675892920584
682,6.94417072653484,0.263114027070099
1034,6.55218721747112,-0.000869222594207963
126,-4.61462949395466,1.22393710105329
96,-4.16838286996174,1.47392083643585
38,-0.430877672436719,5.21322958855539
813,6.09184981703472,-0.4620555123815
131,5.11955906271648,-0.73612744422049
402,6.37413455366802,-0.92325837226004
442,7.39378382086467,-0.760469504309601
691,-7.62054513573933,-4.94156510443777
392,-0.325843082669263,6.59879296212106
1067,0.681185973879809,-2.53458172888846
891,-4.86567138314534,-1.12188036055655
923,0.348386300799365,-3.34097535224051
372,6.9664085042448,-0.584133573485321
976,6.0033946168394,-0.360834546996063
64,7.0952451360197,-1.07216460318655
1069,6.8128063809843,-0.801022597266144
426,-5.61494802117634,-0.62114770026297
1111,0.112380994555469,-2.90631253333182
957,2.6010096651287,-3.55616004080862
325,-6.05803655267048,-0.391330309821076
519,0.38721658110332,-3.23595292182059
1185,0.663103832003589,-3.58809430213065
483,6.72453810095501,-0.672001906348175
401,-2.50884841561604,0.888710431145721
730,0.655892385241504,-3.82048041434378
236,-6.55475209832478,0.787105194615417
138,6.87868143439006,-1.10249597640128
903,-4.29536555886555,1.25817797272115
1022,0.6272332799406,-3.22907883734793
565,-0.38432358384419,6.58881895928293
904,2.79663119286012,-3.70520169348807
1119,-0.240119682553296,6.12521212487131
732,-5.20348285317707,1.10142951397806
1085,0.096313251254077,-2.89258105368704
340,-3.17288087487507,1.48157053379922
486,-5.2908952105074,-0.546531625700897
703,6.86799694418621,-0.153465219450897
242,0.193295253512378,-3.52923400015921
344,-0.47650502801228,6.49913304238229
429,-5.32129548669148,-0.406556673956818
719,-3.05818771004963,0.446945718812042
996,-7.63898442864705,-4.92548949332327
986,7.16993786215496,-0.291219659758515
741,-3.86095737099934,0.71220647482782
665,6.66622711538982,-1.16983873457999
934,-5.56628297448445,-0.20450062365622
179,6.97919441580486,-1.06107408614249
222,-3.97896979928303,0.6971161880961
405,0.637866033312793,-3.82164008231253
966,-7.90501569390583,-4.38868958563895
712,6.77959991812419,-0.89724952788443
1075,7.47073770880413,-0.512966462088532
168,0.569659246203418,-3.55960661978812
677,0.46150447249126,-3.23304373831839
818,-0.428898082974439,6.51826517968088
663,5.82738257765483,-0.689871617270416
57,-4.48039029717732,1.12102729766279
311,-7.68335031152058,-4.87617117972464
171,5.69740105986309,-0.619794674826569
779,7.9935777318449,-0.163573571158356
954,7.42128826498699,-0.432846733046478
116,-6.38269685387898,0.501092127846771
213,0.26950622915935,-3.01002604575247
422,-4.33040689111042,1.22182319252401
1082,7.50030495047283,-0.0633109292516176
657,0.728609455821033,-3.30408246131033
124,6.97296120047283,0.0368081846705015
769,-5.24709962487507,1.06826092986971
137,-4.30290053963948,1.24872747747808
17,0.588521970507617,-3.53986985297293
1190,-0.512510048153882,6.51330321221262
175,0.69537521719646,-3.86701829047293
153,-4.87599490762043,-1.10500533194632
1097,-7.64268849969197,-4.91996390433401
500,-6.28976319909382,0.347386054085785
307,0.123338474032397,-2.99325711340994
1042,6.01984073042583,-0.541842647505707
1141,0.450504077670093,-0.514014430952973
637,0.230864299532886,-3.28729254813284
1142,2.71511756263387,-3.68271596045584
180,-6.38364671349812,0.671231261776977
1062,-8.03253530144978,-4.46660000891776
790,-4.88535188317585,-1.08880335898489
248,5.91074420332622,-1.01831061453909
1104,6.05605055212688,-0.57689721198172
156,6.46584464430522,-0.221039482069916
109,0.644458307024951,-3.67509324164481
231,-7.69932912469197,-4.85798413367361
810,-6.06604360223103,-0.388814755392975
237,6.58208085417461,-0.397354193640656
1148,-6.74917672753621,0.314522198723846
521,-4.87967513680745,-1.12884552092642
1109,-6.48652719140339,0.584217659520202
794,7.22992731451702,-0.3102319917211
1120,7.06322981238079,-0.170914836836762
496,7.045977843997,-0.177184530211395
20,-2.47834371209431,0.849690190838867
146,-3.92600511193562,1.10874067931085
699,7.25756574988079,-0.387441106749481
1007,-3.94112323403645,0.677156559514099
390,-2.98432611108113,1.45031335143953
908,6.76851583838176,-1.16386062712759
461,-4.09366677880574,1.13009951202779
641,6.9041001927824,-0.0216518125066225
960,-3.12523912072468,0.449133209275299
348,-0.331536518338208,5.544578484582
378,6.68294717192363,-0.00830335230917378
1064,0.612307323214526,-3.67954547019095
991,-5.16600345254231,1.09125458388239
1153,7.11344362616252,-0.175307460738129
620,-0.690569626095777,6.38478129296213
1191,-2.97602723717976,0.51712077050119
1193,-3.87386869073201,0.719277969883972
375,6.83670736670208,0.194607309388214
1196,5.37348986983013,-0.840849228812165
480,-6.538250671628,0.697655908154541
1047,0.729548348185534,-3.12470919699759
1039,5.01124645590496,-0.598187395049042
872,-0.19567178368855,5.612130097436
809,6.68590093970012,-0.129458375884003
167,-2.85915683388997,0.51723884730249
992,-3.47573207497883,1.03527577905565
1088,-3.7896048891573,0.629625312375122
410,-5.45357488274861,-0.508248396826691
46,-4.83612178445149,-1.14729768843741
104,5.73401094793987,-0.476653285933441
224,-5.19800399422932,1.14599903612047
971,6.66603232741069,-0.164290257407135
477,7.46330000281047,-0.148295827818817
119,2.8256768715353,-3.76450163931937
921,7.57240034460735,-0.555762239409394
693,0.00318862318706037,6.2906460085383
933,-7.65362809777546,-4.91111476035208
554,-4.42126344323445,1.21684267311006
530,7.98043228506755,-0.781097241354889
322,-0.437298523190503,6.5223240175715
748,-5.39791272759724,1.04112356095224
1201,0.0690341126890135,-2.93758446784109
947,-8.00372003197957,-4.4533668241033
574,1.1322860848875,-3.23726088614554
424,-5.69189237237263,-0.683746643973297
1139,-7.63344930291462,-4.9268365582952
932,7.61131979345989,-0.786434718085236
336,7.64063097357463,-0.351631947470612
536,0.140908731219287,-2.95102984519095
1180,-4.39338992715168,1.14838509945779
92,0.690427674052234,-3.87803370566458
1006,-4.25629638314534,1.34103840342372
915,4.756267322299,-0.752834626151032
963,0.120609058138843,-2.96908528418631
253,-5.19221709847737,1.15270992307573
1053,-6.39105008721638,0.507723800229126
913,-4.00442050576497,0.758770875023895
173,1.34231401800823,-3.28436810584158
468,7.14183164953899,-0.714566775275177
1168,2.84810116707992,-3.68202120871634
978,0.697041882273669,-3.42916924567313
39,0.633543504473681,-3.82113749594778
840,-3.99085067391682,0.901293716715866
235,0.642631305453296,-3.40757424445242
711,-8.07966302514363,-4.48650223822684
28,5.37420965552043,-0.449781485510773
470,0.684575570818896,-2.54610163779349
309,7.22914196371746,-0.390791126204437
321,-2.88700603127766,0.895528844880157
884,5.03354479193401,-0.727594443274445
592,5.11281539320659,-0.806542464209503
659,6.66835976957988,-0.446888872099823
128,-6.48782037377644,0.607692710446411
1192,6.68491364836406,-0.00515503497213765
1073,0.673707975146289,-2.56488616080374
475,7.08674551367473,-0.435761638594574
1060,-5.81824182153035,-0.392837711287445
662,0.322162641283984,-2.91196639151663
70,0.803023351428027,-3.77629620642752
318,0.670416606661792,-3.18948084921927
244,5.73282076239299,-0.450584598494477
94,0.680966628787036,-2.53566939444632
1135,-2.52326129555989,0.711175254868561
894,-0.303722845318799,5.44595377831369
319,0.672239793536181,-3.05646998496146
272,-8.01498006463337,-4.47553832144827
757,-5.99881814599324,0.832480362938934
7,-4.33994268060017,1.22855146913438
182,7.51767326712322,-0.502592750502533
630,5.6366531980009,-0.524148174239105
433,-2.98314307809163,0.515017143773132
465,-4.30152581811238,1.13754432587534
271,7.16480900168132,-0.118887611342377
1113,0.53587700247478,-2.75986868949026
1133,2.69601902559113,-3.72523362250418
99,2.82123191475582,-3.70744807334036
238,-4.01618980050374,0.706083528088623
1127,7.75716616034221,-0.63390929312796
912,5.58377148031902,-0.447280951453156
831,6.44171573042583,-1.15946013541312
49,5.68880893110942,-0.474702545119232
513,7.60644317984294,-0.0746439179906313
163,-0.126915441754346,5.96476548104196
520,0.142240775820727,-3.04603249640555
942,0.84680081724834,-2.37833172888846
1066,5.39834548353862,-0.64194733710379
140,0.41669131636333,-2.9343181333074
944,5.9281993043394,-0.361047454787201
1202,-6.28768323540974,0.690464250134521
576,-4.60616372704792,-1.30446011633963
1031,-6.06277440667439,0.227878145264679
967,-4.3611814844637,1.37586806560516
1117,-5.77410672784138,0.0287918367853697
761,0.640124572512622,-2.50515849204153
101,-0.293773638012891,5.42407982735544
1054,-7.64456533074666,-4.91547972769827
1033,6.98561884283733,-0.263385959578461
384,-5.27882169366169,-0.387344666434235
174,7.01052166342449,-0.0448427876958315
356,-7.681880699399,-4.88008601279349
721,-5.11901734948445,1.1487905898562
951,-5.24131463647175,0.737625233220154
1095,-7.72585366845417,-4.83595521063895
561,7.63217140555095,-1.19365198226065
328,-4.34245179772664,1.33620516708701
545,5.79550362944316,-0.365964122725434
941,7.24127651571941,-0.517999597502655
399,0.329863322970386,-3.30220706076712
2,-3.414546715024,1.64650722532182
653,-6.62143396020222,0.769822768258148
22,6.71530891775798,-0.423960872603363
445,6.60245920538616,-0.389906593275971
775,-5.9539868700533,-0.35367042632193
284,5.06546093344402,-0.461176105452484
357,5.12792850851726,-0.775101967764801
1101,6.42022134184551,-0.00847191424459859
376,-7.83858369469929,-4.7054911336431
406,-5.25961040139485,1.13947006254106
90,-3.90072988152791,1.29358252822071
274,-3.95103143334675,0.636570147561127
680,0.305227292773242,-3.36738497824759
997,4.79643012404155,-0.67812020392508
558,4.85805608153057,-0.603159137679047
642,-7.99897550225544,-4.48216445059866
625,0.597451938387866,-3.63878542990775
1044,4.81732250570964,-0.757992335272736
165,6.80031086325359,-0.178911038351959
676,0.258955491778369,-3.67689520926566
763,-5.47619985223103,-0.492134400320954
785,7.45872570395183,-0.629275389624542
491,-4.32074283242512,1.19734687297254
150,-0.185092436078076,6.31122773079782
1183,-6.44270108819294,0.488420359181457
787,0.171321643588061,-3.05817992301077
781,-0.0217773783235597,-3.1008334836492
798,-5.09366296410847,1.02612068443208
756,-8.02027677178669,-4.48779255957693
261,6.99319101690959,-0.082587071371979
573,-5.22634528756428,1.0913576403132
911,5.7428064477415,-0.6920839032659
187,5.4295158517332,-0.47282976718039
66,0.00146104216289045,6.27646248726755
450,0.239847911593432,-3.05126816840262
1030,6.38890744566631,0.028469852494293
936,7.68422247290325,-0.733411141348786
1102,-0.17530726075459,6.3081716814509
1110,0.158481134173388,-3.55203539939017
1199,-6.3481290209322,0.725310973214203
377,7.56597544073772,-0.46117193312735
362,0.542841209170337,-3.63632542700858
217,-6.41894601464558,0.908324203776413
114,5.95317388891887,-0.291698285056061
254,-4.59047149300862,-1.32094580741019
257,4.79736114859294,-0.729741402579254
84,-6.2391145098238,0.490034274148041
251,0.0273223054380369,6.14179366021066
539,-3.79277919411946,1.0134243288508
112,0.0258963239164305,6.28707354454904
955,0.672248853442187,-3.29677254767508
172,0.126046909090991,-2.91908700080008
926,-0.291329132321362,6.1859998026362
1084,6.47341824888897,-1.18104226203055
737,-3.55367253899861,0.767877689885193
575,0.47860742926311,-2.96166855902762
161,-3.84302734017659,1.18513297228723
612,-4.04441426873494,0.707679442452484
594,0.668821109530444,-2.54220683188528
826,7.57363630652141,-1.15885145278067
315,0.0334208142728758,-2.9407091817388
920,-5.82738183617878,-0.519032426787323
734,5.8795321118803,-0.145035096121735
4,0.730375541445727,-2.48129970641226
1036,-6.57912515282917,0.820488921689087
899,-5.61645959496785,0.943372926997238
341,-6.60786698937703,0.0641505041590269
1182,-5.95132325768757,-0.0226633033284609
606,-0.286202417614942,5.50957768349557
1108,6.9068963658781,-0.773951121283478
427,0.316031945940967,-0.267513104391998
579,0.715403093096728,-3.29526049704642
45,0.0309562814207029,6.08044045357614
792,-4.21299337029744,1.41916322274714
876,7.13424183249187,-0.233057566595978
1099,7.35606409430217,-0.294536777449555
834,0.145646346804614,-3.37920767874808
587,-8.00652764916707,-4.48557908148856
504,6.01518727659893,-0.334639140082306
397,-5.52005170464802,-0.552612253142304
940,0.450363887545581,-0.493995734167999
929,7.69870592474651,-1.16401249976248
844,7.63027263998699,-1.19246894927115
157,-6.6144282686739,0.840886286782318
460,6.69962717413616,-1.15600330443472
194,6.90281368612957,-0.733318873358673
556,-5.02203773141194,-1.07128030867667
740,0.0879898202390623,-3.44441516013235
805,7.86944462179851,-0.26370460600943
627,-6.67614244103718,0.205698422478729
1194,-6.33389829278279,0.919064334916168
366,7.36770845770549,0.00124376206307963
735,6.05724455237102,0.00231163887887553
234,0.691224468943591,-3.74890715689749
228,-7.96816705346394,-4.445252009345
830,-5.17162059426594,1.12169801382928
1165,-5.19980405450154,0.430792621659332
207,0.237249149081225,-2.97505957694144
544,7.50446583151531,-0.732440777731842
632,5.04434968352031,-0.687474080038971
149,0.431302322146411,-2.87125308127493
950,7.32894541144084,-0.946287938071198
358,-4.39077352166462,1.31213458194047
619,2.83880817711067,-3.72962100119681
849,0.619848741290088,-3.6476937016973
302,-6.54277776360798,0.924258224057251
365,0.705921901461597,-2.58552391142935
1170,-5.22862599969197,1.15880716531187
827,-5.34867070794392,-0.452129789305634
578,-3.01814960122395,1.4477180907002
360,6.42176748633098,-0.128745027495331
240,4.75130106329631,-0.68467480750174
845,-8.03804753899861,-4.4547472676763
948,-0.395846592190747,6.56875508217722
1169,-5.3122346270113,-0.368622609091706
331,6.46149207472515,0.0420671024790342
225,-5.69501660943318,-0.629818268729157
502,-5.92541383385945,-0.107047506285614
678,-0.162321554425244,5.58667986779123
995,6.29727388739299,-0.424709745360321
334,6.63230134367656,-1.20375425429434
129,-2.94981788277913,0.524566046284729
63,-6.46024297356892,0.701537839459472
54,2.84574872076225,-3.72400195212454
144,-5.41728185296345,0.988322071122223
192,1.13631297468853,-3.24511868567557
751,-5.49861024499226,0.953030727194839
935,-4.03422187447834,0.658084920929962
791,7.24300218939495,-0.225522466612763
633,-7.74740575433064,-4.81493670554251
1049,-0.292140947583203,5.44335358529001
488,5.50868226408672,-0.859520026160187
824,-6.38490556359578,0.411245159195953
111,-3.66650413155842,0.485315851258331
538,7.63084579825115,-0.753650017691559
1136,7.30162550329876,-0.904802866888947
428,6.00503565191936,-0.432435341788239
211,-3.10256503701497,1.36502140223687
784,5.81260730147075,-0.482680984450287
1045,0.61917687773418,-3.50306040854544
1002,7.41650606512737,-0.291545816374726
292,5.86040021300029,-0.295978375388092
469,7.22623945593547,-0.317305155707306
499,7.94729353308391,-0.812081881476349
1013,0.290707839724536,-0.225242682410187
613,7.27772308706951,-0.288060732794708
660,0.696169389483447,-2.50294096083731
867,-6.65744470238972,0.183023623513275
588,-0.216040359738355,5.53197567849069
661,-5.82266687035847,-0.472019978476471
767,7.41721893667888,-0.918267079306549
882,7.62371755957317,-0.370166965437836
564,-0.234175192120557,5.59082739739328
1197,7.13610578894329,-0.614153452826447
1123,-7.72145246148396,-4.83965117545218
534,-6.74995301842976,0.947024367140823
918,6.68821693777751,-0.768476315451569
1171,-3.98833726525593,0.72901236205011
713,0.299847377535815,-3.17109877677054
154,0.139065755602832,-2.92375523657889
1195,0.443797124621387,-0.508435913039154
60,6.51437498449993,-0.423961945486969
282,-5.22597049355793,1.14484234838396
1147,0.207790626284595,-3.65469796271414
316,0.0528373849363279,6.25083105950266
516,-6.61135076165486,0.902353487299972
493,-6.49040101647664,-0.054812618208832
817,6.05723239302349,-0.288602658225006
746,-6.13581632256794,0.296956590699249
833,6.1052765977354,-0.252274580908722
6,6.89309526800823,0.00208609490304545
569,7.64716364264202,-0.591277905417389
922,-2.86271213174153,0.559411994504028
53,-6.41256307244587,0.977449409054809
506,-3.52076409936238,0.975135169314438
245,1.16875649809551,-3.23727852912039
863,7.0368750226469,0.00347810177712993
495,-6.51773809075642,0.639160982655578
320,-6.42546628594685,0.677817455815368
3,-2.49796889901448,0.82918815998941
1058,-5.20974420190144,1.07394014983087
609,-6.32920144677449,0.451722554253631
1093,-6.56797288537312,0.862907938050323
1019,-6.62819646477986,0.960741988705688
270,1.17282225012493,-3.24581629843802
571,0.660229934451098,-3.81706006140799
1161,6.54550505995464,-0.0671426734456484
1086,-6.2779385912447,-0.256410189581818
287,7.15568519949626,-0.58267433257193
199,-0.168968425992017,5.95720427422433
191,-5.68849919915486,-0.6479104241857
75,7.02994705557537,-0.375931330634064
1050,7.24188400625896,-0.206996985388703
851,6.87632871985149,-1.08577234358878
803,6.22176839232158,-0.523633428526825
611,-4.83582852959919,-1.13354308219046
1152,-5.27035354256916,-0.583053537321991
812,-5.04437659859944,-0.258900710059113
566,-3.34593652367878,1.61008515148073
247,7.22014261603069,-1.059913702918
983,7.09758640646648,-0.675759144736237
1174,7.73332716345501,-0.549426623297638
479,-0.706550108197217,6.32612555413156
1037,-0.0802838671236086,6.07369034676462
1128,4.83585096716594,-0.712009259177155
807,0.027000917193408,6.29214804558664
822,7.65266014456462,-0.669173308325714
197,0.684664500948901,-2.5389745912084
698,5.90468074202251,-0.276488252592987
796,7.06284500479412,0.0361686268320616
459,2.77014335065794,-3.69860131354422
152,5.89162851690959,-0.418758817625946
409,0.585307372805591,-3.66297251792044
801,-0.277214990857129,5.40914194970041
1145,-5.15339444756794,-0.153474517775482
1140,5.40387488722515,-0.412589736891693
877,0.127502692934985,-2.92516762824149
1096,-6.43563150048542,0.717160753296905
782,-4.99767230630207,-0.935660906744904
766,-6.34350465417195,0.734167329358154
857,-3.97522662759114,0.662422112511688
398,6.51633144736003,-0.0523104152211611
686,-5.09972070336628,1.08206536559969
679,6.87971474051189,-0.128049798918671
408,6.41516686796855,-0.0740208110341494
631,-0.058716045620923,-3.01572758765311
310,7.45024086355876,-0.272707410765595
841,-6.37452767968464,0.574871055172973
690,-4.08143209100056,1.49059475152402
239,7.86145664572429,-0.0879290780553286
907,6.67101599096965,-0.352414675665802
636,0.640553725955005,-3.70760638327689
777,-5.23001264214802,-0.318840213728852
1186,-4.06223558068562,0.755142084645325
286,-3.27925799966145,0.744786314057403
1014,-3.80657695412922,1.2061221667996
720,-2.47496961236287,0.83990638642221
260,-3.11031602502156,1.19378682165056
474,-0.39498065591145,6.60876601128488
532,-5.65894673943806,-0.645967312766022
169,-5.91536306023884,0.194285205887848
1008,-0.375674711468701,6.58898489861398
255,0.00993229269694806,6.30824177651315
560,0.395504487750049,-3.05407340140433
266,0.132728589770312,-2.99322659583182
229,-5.16472457528401,1.12550855367094
815,7.29535223364543,-0.942716666174835
1184,-6.58239053368855,0.719996325062805
839,-4.86262105584431,-1.1186512193212
878,-5.51821397424031,-0.117166944457001
313,5.83582903265667,-0.557081170988983
603,-0.25706266045857,5.44977133660226
870,7.65830351233196,-1.20186574072928
567,-5.4380309450655,-0.73446614356131
67,-5.11031268716145,-1.01566798300833
570,-0.483674513104444,6.50615399269968
160,-2.55106710076619,0.886662832783752
728,5.93302132010173,-0.0315384349355166
1078,5.88404466032695,-0.746077128363556
869,7.27081800818157,-0.809468098593659
889,0.190446389910693,5.92417567162424
517,-3.12997506737996,0.480995706605011
32,6.31641389250469,-0.383315988493866
586,-4.30357144952107,1.2150293806067
797,5.92665172934246,-0.416339107466644
1070,7.65889192938518,-1.22317297072501
267,6.89177395224285,-0.167277880621857
1179,0.626942409274097,-3.49092013449759
226,6.01241399168682,-0.35045940489859
937,-5.53859208703328,-0.741248436881012
529,0.256258500811572,-3.01381308646292
1020,0.545444501635547,-2.86211258978934
196,-3.43082355141926,1.61753170876413
181,-4.08401321053791,0.892654172467285
616,-0.281454311612134,5.43139737038522
162,-5.41865609765339,-0.467920132590241
1116,-5.97976659417439,-0.331050106001801
621,7.26433969855022,-0.966767140341706
452,-6.58289407372761,0.581918112324768
289,0.569126380679126,-3.55279833884329
999,0.702045572993274,-2.56696040244193
269,-2.82903884530354,0.526279322194153
363,-2.49366162896443,0.854021183537536
158,6.62099100470256,-0.101219840956635
541,-0.615100847485547,6.46682017235666
602,5.93194438337993,-0.427318163824982
848,1.10943199515056,-3.23884493918509
78,6.37540270209026,-0.363930650664276
1091,-5.5026700365572,0.954380951212936
464,-2.52437041878987,0.713102392243439
667,6.63479949354839,-0.374199815703339
454,-6.67944024682332,0.904139033841186
945,0.671368612048144,-3.39351756186575
394,7.99315573095989,-0.776931353522248
1155,-3.97671292901326,1.3804840653634
471,-3.20564244866658,0.475151948021942
634,0.453210128542895,-2.94535262198538
16,-6.71051095605183,0.229012660073334
512,-6.54019425988484,0.798493734883362
10,-0.4560026991396,6.57029526619821
343,2.82431407093715,-3.6607871732244
1061,-0.721348034146314,6.25787823586374
413,7.03926302313518,-0.0431775531300966
132,-8.02179788232136,-4.46495730490775
283,6.67825199484539,-0.171544381094879
860,-7.75979970574666,-4.79709250540823
669,-0.408063875439649,6.53265803246408
1118,7.00283552527141,-0.087600179625458
74,-2.51165507912922,0.836759976433807
478,0.298430694338794,-0.257832475615448
250,-7.70124696374226,-4.86328036398978
874,7.74121643423748,-0.633194752646393
447,-0.371777044537549,6.60363905815988
1,-5.41125844598103,-0.386652060461945
159,-0.668565975430493,6.4314774790278
415,7.5688688886137,-0.66845256896109
581,0.568757070300097,-3.45758015723318
774,7.698002113101,-0.995733090353913
1151,-0.45364354729939,6.49875204949289
379,6.6009836328001,-0.420207568121857
747,7.92623211264324,-0.0897219857701723
1021,6.465420497653,-0.637891360236115
440,7.16489292502117,-0.354784317923493
647,-6.47091649651814,0.66084396033197
246,-4.52074359536457,1.23689246861845
523,-4.20507072091389,0.959326646613174
1055,-2.47888492226887,0.859422854470306
5,-0.580432878735547,6.46473591713815
423,2.8039323818655,-3.72249371619315
1016,0.0284161698789549,6.25375168709665
1121,0.692894591090198,-3.51821763129324
1068,6.61686111807537,-1.13090307326407
97,-6.18040059685994,0.419539264725738
1203,-4.03850768685627,1.44040404199272
339,-6.07447217583943,0.505224994706207
1038,-5.59340261102009,-0.278649040175385
949,-6.37984346032429,0.724311701344543
184,-2.95183204293538,1.47690172432571
861,-4.2989518511324,1.23930747001081
1198,7.67402340292644,-1.21531517119498
658,4.81445981383037,-0.656318493796295
264,6.44977022528362,0.0865746059885557
511,-3.93925021767903,1.33840621574431
117,-5.35876725793171,-0.541594453764862
505,0.474611772295947,-3.77465111823172
850,5.24710322737407,-0.657341071082062
185,0.652930034396167,-3.81084878058524
1163,5.92130781531047,-0.471196123076386
1048,-3.3443562853365,1.6577761390677
580,-8.03103803277302,-4.48680741400809
622,-4.69930719018269,1.23026951341539
754,-0.254283176663403,5.44004624276071
804,-3.11516259789753,1.33919876939266
210,7.32789112448406,-0.939997263861603
595,-6.5052974092989,0.781726829098755
118,-6.40506719231892,-0.162228890372223
897,-4.81739734292317,-1.16146452040762
838,-5.69902013421345,-0.641299553824372
139,-5.18730710625935,-0.0556088170537417
745,-4.36971543908406,1.4640897580853
467,6.61871982931804,-0.0740260562428896
1173,-0.341395365002637,6.43572752861887
1024,-4.47722791314412,1.03140383152872
821,0.672676814791675,-3.53367287726492
503,0.314113630053515,-0.22701985449881
672,7.34595371603679,-0.407451220465607
858,-6.42334340691853,-0.216117688132233
1189,0.903338564631457,-2.99270636649222
212,-6.54821179986287,0.76000498919397
958,-5.07513402581501,-0.438651867819733
1160,4.82734109282207,-0.706807681036896
230,-7.73532556176472,-4.82775122733206
540,-3.65684388757039,1.53516554026514
381,6.55466104864788,-0.442005105925507
816,7.70546223044109,-0.516997643423981
542,5.61812092184734,-0.440658160162873
15,-4.0144321787386,0.931666366147095
383,6.42667461752605,-0.0965815267095034
635,-6.4357926714449,0.64201342253595
72,-3.48570655465413,1.60870612351804
788,5.82535435080242,-0.436044522238678
106,0.635939134356494,-3.52765805335135
419,-0.699671970608716,6.40172331719308
909,-0.246551500561719,6.20706599144846
441,6.59876634001445,-0.12953347773642
135,-2.81800864815999,1.08207585601717
36,0.704210890528674,-3.46890122504324
1131,-0.679590927365308,6.41622774987131
297,-5.83694528222371,-0.450777598334259
208,-4.16583512902546,0.854791394757324
776,0.151360286471362,-3.04122454733939
1132,-6.63538049340535,0.891941181706482
100,7.14131523489666,-0.532772847128815
509,0.661721719500537,-3.71495062918753
881,-3.94621776223469,1.37348082414477
626,-5.90956758141804,-0.420792885733551
223,-7.64400457024861,-4.92051894278616
21,5.21798778891277,-0.82760841460318
1028,7.38526083349895,-0.425086685133881
476,-6.30471681237507,0.459117881344848
531,-0.0867676603822756,-2.99944264502615
648,1.20989669680309,-3.31419427008719
610,-2.93487237572957,0.495977930115753
689,-5.14133809685994,-0.210010953856415
847,-2.48775218606282,0.864747218178802
674,-3.39367173791218,1.55604927925973
952,0.633272660967822,-3.73069340796561
731,0.681107295748706,-3.72781378836722
749,2.80445752113771,-3.72275120825858
786,-8.05406259179402,-4.455581255866
1057,-5.65999578118611,-0.632343598319
27,6.85939861654949,-0.0300610742101137
23,-0.756149517300611,6.35219853310495
783,7.10511375784587,-0.469265528632111
305,0.317152036425586,-0.214662977171845
220,-5.79824517846394,-0.430666752768463
98,-5.12836860299397,0.812001697110229
800,0.0740797650785399,-3.01194674582571
706,5.77220798849773,-0.440536209059662
393,-6.00127290368367,0.448914400624328
1071,7.21885706305217,-1.14225942702383
1009,-4.00430081963826,0.782167903470093
583,5.23234893202495,-0.768979378653473
646,6.74030043005657,-0.0598946294316713
768,5.9529807698698,-0.464887329054779
793,7.92044521689128,-0.118079610777802
227,5.64323712706279,-0.528600641203827
