,cell_id,cell_code
0,SA921-A90554A-R03-C03,739
1,SA921-A90554A-R03-C13,743
2,SA921-A90554A-R03-C21,749
3,SA921-A90554A-R03-C68,780
4,SA921-A90554A-R04-C10,787
5,SA921-A90554A-R04-C13,790
6,SA921-A90554A-R04-C24,799
7,SA921-A90554A-R04-C48,819
8,SA921-A90554A-R04-C51,821
9,SA921-A90554A-R04-C60,828
10,SA921-A90554A-R05-C19,849
11,SA921-A90554A-R05-C28,857
12,SA921-A90554A-R05-C41,867
13,SA921-A90554A-R05-C60,882
14,SA921-A90554A-R05-C68,887
15,SA921-A90554A-R06-C09,892
16,SA921-A90554A-R06-C22,901
17,SA921-A90554A-R06-C25,904
18,SA921-A90554A-R06-C27,905
19,SA921-A90554A-R06-C58,917
20,SA921-A90554A-R06-C59,918
21,SA921-A90554A-R06-C64,921
22,SA921-A90554A-R07-C08,928
23,SA921-A90554A-R07-C64,962
24,SA921-A90554A-R08-C44,997
25,SA921-A90554A-R08-C58,1009
26,SA921-A90554A-R08-C67,1015
27,SA921-A90554A-R09-C17,1030
28,SA921-A90554A-R09-C32,1040
29,SA921-A90554A-R09-C41,1047
30,SA921-A90554A-R09-C56,1055
31,SA921-A90554A-R10-C09,1069
32,SA921-A90554A-R10-C13,1072
33,SA921-A90554A-R10-C48,1093
34,SA921-A90554A-R11-C07,1113
35,SA921-A90554A-R11-C20,1122
36,SA921-A90554A-R11-C29,1127
37,SA921-A90554A-R11-C34,1129
38,SA921-A90554A-R11-C35,1130
39,SA921-A90554A-R11-C36,1131
40,SA921-A90554A-R11-C48,1139
41,SA921-A90554A-R12-C17,1163
42,SA921-A90554A-R12-C45,1181
43,SA921-A90554A-R12-C57,1188
44,SA921-A90554A-R12-C61,1192
45,SA921-A90554A-R13-C22,1212
46,SA921-A90554A-R13-C56,1236
47,SA921-A90554A-R13-C59,1239
48,SA921-A90554A-R13-C69,1248
49,SA921-A90554A-R14-C11,1254
50,SA921-A90554A-R14-C12,1255
51,SA921-A90554A-R14-C13,1256
52,SA921-A90554A-R14-C43,1282
53,SA921-A90554A-R14-C50,1287
54,SA921-A90554A-R15-C21,1318
55,SA921-A90554A-R15-C28,1324
56,SA921-A90554A-R15-C30,1326
57,SA921-A90554A-R15-C68,1353
58,SA922-A90554B-R23-C24,1359
59,SA922-A90554B-R23-C26,1360
60,SA922-A90554B-R23-C28,1362
61,SA922-A90554B-R23-C43,1376
62,SA922-A90554B-R23-C49,1382
63,SA922-A90554B-R23-C61,1393
64,SA922-A90554B-R24-C09,1406
65,SA922-A90554B-R24-C19,1412
66,SA922-A90554B-R24-C29,1422
67,SA922-A90554B-R24-C36,1428
68,SA922-A90554B-R24-C44,1435
69,SA922-A90554B-R25-C18,1452
70,SA922-A90554B-R25-C20,1454
71,SA922-A90554B-R25-C22,1455
72,SA922-A90554B-R25-C25,1458
73,SA922-A90554B-R25-C29,1460
74,SA922-A90554B-R25-C34,1463
75,SA922-A90554B-R25-C43,1468
76,SA922-A90554B-R25-C67,1484
77,SA922-A90554B-R25-C70,1486
78,SA922-A90554B-R26-C12,1494
79,SA922-A90554B-R26-C13,1495
80,SA922-A90554B-R26-C25,1504
81,SA922-A90554B-R26-C26,1505
82,SA922-A90554B-R26-C28,1507
83,SA922-A90554B-R26-C34,1510
84,SA922-A90554B-R26-C51,1523
85,SA922-A90554B-R26-C57,1528
86,SA922-A90554B-R26-C67,1537
87,SA922-A90554B-R27-C13,1546
88,SA922-A90554B-R27-C21,1552
89,SA922-A90554B-R27-C40,1561
90,SA922-A90554B-R27-C43,1563
91,SA922-A90554B-R27-C57,1571
92,SA922-A90554B-R27-C65,1578
93,SA922-A90554B-R27-C68,1581
94,SA922-A90554B-R27-C69,1582
95,SA922-A90554B-R28-C11,1589
96,SA922-A90554B-R28-C17,1593
97,SA922-A90554B-R28-C20,1596
98,SA922-A90554B-R28-C22,1598
99,SA922-A90554B-R28-C67,1628
100,SA922-A90554B-R29-C26,1644
101,SA922-A90554B-R29-C34,1648
102,SA922-A90554B-R29-C43,1657
103,SA922-A90554B-R29-C45,1659
104,SA922-A90554B-R29-C56,1668
105,SA922-A90554B-R30-C18,1688
106,SA922-A90554B-R30-C24,1692
107,SA922-A90554B-R30-C28,1695
108,SA922-A90554B-R30-C64,1722
109,SA922-A90554B-R31-C28,1742
110,SA922-A90554B-R32-C13,1781
111,SA922-A90554B-R32-C34,1790
112,SA922-A90554B-R32-C38,1793
113,SA922-A90554B-R33-C34,1806
114,SA922-A90554B-R33-C45,1814
115,SA922-A90554B-R33-C58,1824
116,SA922-A90554B-R34-C09,1838
117,SA922-A90554B-R34-C10,1839
118,SA922-A90554B-R34-C14,1842
119,SA922-A90554B-R34-C20,1847
120,SA922-A90554B-R34-C21,1848
121,SA922-A90554B-R34-C25,1851
122,SA922-A90554B-R34-C29,1854
123,SA922-A90554B-R34-C30,1855
124,SA922-A90554B-R34-C36,1861
125,SA922-A90554B-R34-C43,1867
126,SA922-A90554B-R34-C60,1879
127,SA922-A90554B-R35-C09,1893
128,SA922-A90554B-R35-C19,1903
129,SA922-A90554B-R35-C28,1910
130,SA922-A90554B-R35-C29,1911
131,SA922-A90554B-R35-C33,1915
132,SA922-A90554B-R35-C34,1916
133,SA922-A90554B-R35-C35,1917
134,SA922-A90554B-R35-C36,1918
135,SA922-A90554B-R35-C49,1925
136,SA922-A90554B-R35-C50,1926
137,SA922-A90554B-R35-C60,1933
138,SA922-A90554B-R35-C65,1937
139,SA922-A90554B-R35-C69,1941
140,SA1090-A96213A-R20-C11,4
141,SA1090-A96213A-R20-C27,19
142,SA1090-A96213A-R20-C30,21
143,SA1090-A96213A-R20-C34,25
144,SA1090-A96213A-R20-C35,26
145,SA1090-A96213A-R20-C43,34
146,SA1090-A96213A-R20-C56,43
147,SA1090-A96213A-R20-C57,44
148,SA1090-A96213A-R20-C69,51
149,SA1090-A96213A-R22-C17,53
150,SA1090-A96213A-R22-C29,63
151,SA1090-A96213A-R22-C31,65
152,SA1090-A96213A-R22-C41,75
153,SA1090-A96213A-R22-C42,76
154,SA1090-A96213A-R22-C43,77
155,SA1090-A96213A-R22-C46,80
156,SA1090-A96213A-R22-C47,81
157,SA1090-A96213A-R24-C17,91
158,SA1090-A96213A-R24-C41,115
159,SA1090-A96213A-R24-C46,120
160,SA1090-A96213A-R24-C48,122
161,SA1090-A96213A-R24-C49,123
162,SA1090-A96213A-R24-C58,130
163,SA1090-A96213A-R25-C10,145
164,SA1090-A96213A-R25-C16,151
165,SA1090-A96213A-R25-C20,155
166,SA1090-A96213A-R25-C28,162
167,SA1090-A96213A-R25-C32,166
168,SA1090-A96213A-R25-C33,167
169,SA1090-A96213A-R25-C36,170
170,SA1090-A96213A-R25-C39,172
171,SA1090-A96213A-R25-C42,175
172,SA1090-A96213A-R25-C46,179
173,SA1090-A96213A-R25-C49,182
174,SA1090-A96213A-R25-C52,185
175,SA1090-A96213A-R25-C54,187
176,SA1090-A96213A-R25-C55,188
177,SA1090-A96213A-R25-C56,189
178,SA1090-A96213A-R25-C57,190
179,SA1090-A96213A-R25-C60,193
180,SA1090-A96213A-R25-C62,195
181,SA1090-A96213A-R25-C66,199
182,SA1090-A96213A-R25-C67,200
183,SA1090-A96213A-R25-C69,202
184,SA1090-A96213A-R26-C14,212
185,SA1090-A96213A-R26-C16,214
186,SA1090-A96213A-R26-C19,216
187,SA1090-A96213A-R26-C23,219
188,SA1090-A96213A-R26-C24,220
189,SA1090-A96213A-R26-C32,227
190,SA1090-A96213A-R26-C33,228
191,SA1090-A96213A-R26-C35,230
192,SA1090-A96213A-R26-C42,236
193,SA1090-A96213A-R26-C43,237
194,SA1090-A96213A-R26-C44,238
195,SA1090-A96213A-R26-C46,240
196,SA1090-A96213A-R26-C51,245
197,SA1090-A96213A-R26-C56,250
198,SA1090-A96213A-R26-C61,255
199,SA1090-A96213A-R26-C68,262
200,SA1090-A96213A-R27-C16,275
201,SA1090-A96213A-R27-C20,279
202,SA1090-A96213A-R27-C22,281
203,SA1090-A96213A-R27-C28,287
204,SA1090-A96213A-R27-C29,288
205,SA1090-A96213A-R27-C30,289
206,SA1090-A96213A-R27-C33,292
207,SA1090-A96213A-R27-C34,293
208,SA1090-A96213A-R27-C36,295
209,SA1090-A96213A-R27-C43,301
210,SA1090-A96213A-R27-C49,306
211,SA1090-A96213A-R27-C54,311
212,SA1090-A96213A-R27-C55,312
213,SA1090-A96213A-R27-C57,313
214,SA1090-A96213A-R27-C63,319
215,SA1090-A96213A-R28-C09,329
216,SA1090-A96213A-R28-C12,332
217,SA1090-A96213A-R28-C13,333
218,SA1090-A96213A-R28-C15,335
219,SA1090-A96213A-R28-C23,342
220,SA1090-A96213A-R28-C26,345
221,SA1090-A96213A-R28-C29,348
222,SA1090-A96213A-R28-C32,350
223,SA1090-A96213A-R28-C33,351
224,SA1090-A96213A-R28-C43,360
225,SA1090-A96213A-R28-C48,365
226,SA1090-A96213A-R28-C50,367
227,SA1090-A96213A-R28-C69,386
228,SA1090-A96213A-R28-C70,387
229,SA1090-A96213A-R29-C07,389
230,SA1090-A96213A-R29-C14,396
231,SA1090-A96213A-R29-C16,398
232,SA1090-A96213A-R29-C33,403
233,SA1090-A96213A-R29-C34,404
234,SA1090-A96213A-R29-C35,405
235,SA1090-A96213A-R29-C38,407
236,SA1090-A96213A-R29-C40,409
237,SA1090-A96213A-R29-C41,410
238,SA1090-A96213A-R29-C42,411
239,SA1090-A96213A-R29-C51,419
240,SA1090-A96213A-R29-C57,425
241,SA1090-A96213A-R29-C58,426
242,SA1090-A96213A-R29-C61,429
243,SA1090-A96213A-R30-C07,440
244,SA1090-A96213A-R30-C09,442
245,SA1090-A96213A-R30-C31,452
246,SA1090-A96213A-R30-C35,456
247,SA1090-A96213A-R30-C36,457
248,SA1090-A96213A-R30-C38,459
249,SA1090-A96213A-R30-C40,461
250,SA1090-A96213A-R30-C43,464
251,SA1090-A96213A-R30-C47,467
252,SA1090-A96213A-R30-C48,468
253,SA1090-A96213A-R30-C51,471
254,SA1090-A96213A-R30-C55,475
255,SA1090-A96213A-R30-C57,477
256,SA1090-A96213A-R30-C59,479
257,SA1090-A96213A-R30-C60,480
258,SA1090-A96213A-R30-C61,481
259,SA1090-A96213A-R30-C66,486
260,SA1090-A96213A-R31-C13,497
261,SA1090-A96213A-R31-C16,500
262,SA1090-A96213A-R31-C33,502
263,SA1090-A96213A-R31-C38,507
264,SA1090-A96213A-R31-C43,512
265,SA1090-A96213A-R31-C49,516
266,SA1090-A96213A-R31-C52,519
267,SA1090-A96213A-R31-C60,526
268,SA1090-A96213A-R31-C67,533
269,SA1090-A96213A-R32-C11,541
270,SA1090-A96213A-R32-C13,543
271,SA1090-A96213A-R32-C43,555
272,SA1090-A96213A-R32-C44,556
273,SA1090-A96213A-R32-C49,561
274,SA1090-A96213A-R32-C51,563
275,SA1090-A96213A-R32-C68,580
276,SA1090-A96213A-R33-C07,584
277,SA1090-A96213A-R33-C11,588
278,SA1090-A96213A-R33-C12,589
279,SA1090-A96213A-R33-C21,597
280,SA1090-A96213A-R33-C23,599
281,SA1090-A96213A-R33-C31,607
282,SA1090-A96213A-R33-C61,633
283,SA1090-A96213A-R34-C07,643
284,SA1090-A96213A-R34-C15,650
285,SA1090-A96213A-R34-C19,654
286,SA1090-A96213A-R34-C22,657
287,SA1090-A96213A-R34-C24,659
288,SA1090-A96213A-R34-C28,663
289,SA1090-A96213A-R34-C41,676
290,SA1090-A96213A-R34-C50,685
291,SA1090-A96213A-R34-C55,690
292,SA1090-A96213A-R34-C63,698
293,SA1090-A96213A-R34-C67,702
294,SA1090-A96213A-R35-C18,713
295,SA1090-A96213A-R35-C21,716
296,SA1090-A96213A-R35-C22,717
297,SA1090-A96213A-R35-C23,718
298,SA1090-A96213A-R35-C27,722
299,SA1090-A96213A-R35-C30,725
300,SA1090-A96213A-R35-C48,738
301,SA921-A90554A-R03-C14,744
302,SA921-A90554A-R03-C20,748
303,SA921-A90554A-R03-C26,752
304,SA921-A90554A-R03-C36,758
305,SA921-A90554A-R03-C41,761
306,SA921-A90554A-R03-C42,762
307,SA921-A90554A-R03-C49,766
308,SA921-A90554A-R03-C59,774
309,SA921-A90554A-R03-C64,776
310,SA921-A90554A-R04-C12,789
311,SA921-A90554A-R04-C34,807
312,SA921-A90554A-R04-C64,830
313,SA921-A90554A-R05-C40,866
314,SA921-A90554A-R05-C57,879
315,SA921-A90554A-R05-C66,886
316,SA921-A90554A-R06-C07,891
317,SA921-A90554A-R06-C18,898
318,SA921-A90554A-R06-C33,907
319,SA921-A90554A-R06-C45,912
320,SA921-A90554A-R06-C69,923
321,SA921-A90554A-R07-C34,942
322,SA921-A90554A-R07-C37,944
323,SA921-A90554A-R07-C48,951
324,SA921-A90554A-R07-C61,960
325,SA921-A90554A-R08-C07,969
326,SA921-A90554A-R08-C28,985
327,SA921-A90554A-R08-C38,993
328,SA921-A90554A-R08-C48,1000
329,SA921-A90554A-R08-C61,1011
330,SA921-A90554A-R08-C68,1016
331,SA921-A90554A-R09-C10,1023
332,SA921-A90554A-R09-C30,1038
333,SA921-A90554A-R09-C57,1056
334,SA921-A90554A-R10-C24,1080
335,SA921-A90554A-R10-C35,1085
336,SA921-A90554A-R10-C43,1088
337,SA921-A90554A-R10-C45,1090
338,SA921-A90554A-R11-C13,1117
339,SA921-A90554A-R11-C68,1153
340,SA921-A90554A-R11-C70,1154
341,SA921-A90554A-R12-C11,1160
342,SA921-A90554A-R12-C19,1165
343,SA921-A90554A-R12-C25,1168
344,SA921-A90554A-R12-C32,1172
345,SA921-A90554A-R13-C08,1200
346,SA921-A90554A-R13-C18,1208
347,SA921-A90554A-R13-C30,1217
348,SA921-A90554A-R13-C37,1222
349,SA921-A90554A-R13-C40,1225
350,SA921-A90554A-R13-C61,1241
351,SA921-A90554A-R13-C67,1246
352,SA921-A90554A-R14-C14,1257
353,SA921-A90554A-R14-C30,1271
354,SA921-A90554A-R14-C49,1286
355,SA921-A90554A-R15-C10,1310
356,SA921-A90554A-R15-C11,1311
357,SA921-A90554A-R15-C12,1312
358,SA921-A90554A-R15-C27,1323
359,SA921-A90554A-R15-C29,1325
360,SA921-A90554A-R15-C48,1338
361,SA922-A90554B-R23-C27,1361
362,SA922-A90554B-R23-C35,1369
363,SA922-A90554B-R23-C36,1370
364,SA922-A90554B-R23-C58,1390
365,SA922-A90554B-R23-C60,1392
366,SA922-A90554B-R24-C20,1413
367,SA922-A90554B-R24-C21,1414
368,SA922-A90554B-R24-C27,1420
369,SA922-A90554B-R24-C33,1425
370,SA922-A90554B-R24-C34,1426
371,SA922-A90554B-R24-C42,1434
372,SA922-A90554B-R24-C45,1436
373,SA922-A90554B-R25-C19,1453
374,SA922-A90554B-R25-C40,1466
375,SA922-A90554B-R25-C49,1472
376,SA922-A90554B-R25-C52,1473
377,SA922-A90554B-R25-C68,1485
378,SA922-A90554B-R26-C43,1517
379,SA922-A90554B-R26-C58,1529
380,SA922-A90554B-R26-C61,1532
381,SA922-A90554B-R26-C62,1533
382,SA922-A90554B-R26-C69,1539
383,SA922-A90554B-R26-C70,1540
384,SA922-A90554B-R27-C48,1567
385,SA922-A90554B-R27-C59,1573
386,SA922-A90554B-R27-C60,1574
387,SA922-A90554B-R27-C62,1576
388,SA922-A90554B-R27-C70,1583
389,SA922-A90554B-R28-C32,1604
390,SA922-A90554B-R28-C56,1620
391,SA922-A90554B-R28-C65,1626
392,SA922-A90554B-R28-C69,1630
393,SA922-A90554B-R29-C18,1638
394,SA922-A90554B-R29-C25,1643
395,SA922-A90554B-R29-C69,1675
396,SA922-A90554B-R30-C13,1683
397,SA922-A90554B-R30-C22,1690
398,SA922-A90554B-R30-C25,1693
399,SA922-A90554B-R30-C29,1696
400,SA922-A90554B-R30-C37,1702
401,SA922-A90554B-R30-C43,1707
402,SA922-A90554B-R30-C49,1711
403,SA922-A90554B-R30-C50,1712
404,SA922-A90554B-R30-C51,1713
405,SA922-A90554B-R31-C25,1739
406,SA922-A90554B-R31-C37,1749
407,SA922-A90554B-R31-C41,1753
408,SA922-A90554B-R31-C43,1755
409,SA922-A90554B-R31-C56,1766
410,SA922-A90554B-R31-C65,1771
411,SA922-A90554B-R31-C66,1772
412,SA922-A90554B-R32-C35,1791
413,SA922-A90554B-R33-C38,1809
414,SA922-A90554B-R33-C51,1817
415,SA922-A90554B-R33-C56,1822
416,SA922-A90554B-R34-C17,1845
417,SA922-A90554B-R34-C24,1850
418,SA922-A90554B-R34-C33,1858
419,SA922-A90554B-R34-C54,1876
420,SA922-A90554B-R34-C61,1880
421,SA922-A90554B-R34-C66,1884
422,SA922-A90554B-R35-C13,1897
423,SA922-A90554B-R35-C21,1905
424,SA922-A90554B-R35-C32,1914
425,SA922-A90554B-R35-C37,1919
426,SA922-A90554B-R35-C67,1939
427,SA1090-A96213A-R20-C14,7
428,SA1090-A96213A-R20-C17,9
429,SA1090-A96213A-R20-C18,10
430,SA1090-A96213A-R20-C25,17
431,SA1090-A96213A-R20-C38,29
432,SA1090-A96213A-R20-C41,32
433,SA1090-A96213A-R20-C50,40
434,SA1090-A96213A-R20-C62,46
435,SA1090-A96213A-R22-C20,55
436,SA1090-A96213A-R22-C39,73
437,SA1090-A96213A-R24-C13,87
438,SA1090-A96213A-R24-C24,98
439,SA1090-A96213A-R24-C27,101
440,SA1090-A96213A-R24-C59,131
441,SA1090-A96213A-R25-C13,148
442,SA1090-A96213A-R25-C37,171
443,SA1090-A96213A-R25-C48,181
444,SA1090-A96213A-R25-C51,184
445,SA1090-A96213A-R26-C21,218
446,SA1090-A96213A-R26-C37,232
447,SA1090-A96213A-R26-C55,249
448,SA1090-A96213A-R27-C37,296
449,SA1090-A96213A-R27-C45,303
450,SA1090-A96213A-R28-C52,369
451,SA1090-A96213A-R28-C59,376
452,SA1090-A96213A-R29-C39,408
453,SA1090-A96213A-R29-C49,417
454,SA1090-A96213A-R29-C52,420
455,SA1090-A96213A-R29-C60,428
456,SA1090-A96213A-R29-C64,432
457,SA1090-A96213A-R30-C14,447
458,SA1090-A96213A-R30-C41,462
459,SA1090-A96213A-R30-C42,463
460,SA1090-A96213A-R30-C52,472
461,SA1090-A96213A-R30-C54,474
462,SA1090-A96213A-R30-C63,483
463,SA1090-A96213A-R31-C59,525
464,SA1090-A96213A-R32-C12,542
465,SA1090-A96213A-R32-C14,544
466,SA1090-A96213A-R32-C58,570
467,SA1090-A96213A-R32-C62,574
468,SA1090-A96213A-R33-C10,587
469,SA1090-A96213A-R33-C17,593
470,SA1090-A96213A-R33-C29,605
471,SA1090-A96213A-R33-C30,606
472,SA1090-A96213A-R34-C40,675
473,SA1090-A96213A-R34-C48,683
474,SA1090-A96213A-R34-C54,689
475,SA1090-A96213A-R34-C56,691
476,SA1090-A96213A-R34-C58,693
477,SA1090-A96213A-R34-C59,694
478,SA1090-A96213A-R35-C20,715
479,SA1090-A96213A-R35-C25,720
480,SA921-A90554A-R03-C28,754
481,SA921-A90554A-R03-C30,755
482,SA921-A90554A-R03-C35,757
483,SA921-A90554A-R03-C51,768
484,SA921-A90554A-R03-C57,772
485,SA921-A90554A-R04-C05,783
486,SA921-A90554A-R04-C08,785
487,SA921-A90554A-R04-C14,791
488,SA921-A90554A-R04-C20,795
489,SA921-A90554A-R04-C21,796
490,SA921-A90554A-R04-C27,802
491,SA921-A90554A-R04-C29,803
492,SA921-A90554A-R04-C30,804
493,SA921-A90554A-R04-C35,808
494,SA921-A90554A-R04-C41,812
495,SA921-A90554A-R04-C42,813
496,SA921-A90554A-R04-C43,814
497,SA921-A90554A-R04-C44,815
498,SA921-A90554A-R04-C57,825
499,SA921-A90554A-R04-C69,835
500,SA921-A90554A-R04-C70,836
501,SA921-A90554A-R05-C07,839
502,SA921-A90554A-R05-C09,840
503,SA921-A90554A-R05-C10,841
504,SA921-A90554A-R05-C12,843
505,SA921-A90554A-R05-C14,844
506,SA921-A90554A-R05-C20,850
507,SA921-A90554A-R05-C35,861
508,SA921-A90554A-R05-C36,862
509,SA921-A90554A-R05-C38,864
510,SA921-A90554A-R05-C51,873
511,SA921-A90554A-R05-C52,874
512,SA921-A90554A-R05-C58,880
513,SA921-A90554A-R05-C64,885
514,SA921-A90554A-R05-C69,888
515,SA921-A90554A-R06-C14,894
516,SA921-A90554A-R06-C16,896
517,SA921-A90554A-R06-C24,903
518,SA921-A90554A-R06-C32,906
519,SA921-A90554A-R06-C35,908
520,SA921-A90554A-R06-C51,914
521,SA921-A90554A-R06-C60,919
522,SA921-A90554A-R07-C05,926
523,SA921-A90554A-R07-C13,931
524,SA921-A90554A-R07-C24,937
525,SA921-A90554A-R07-C35,943
526,SA921-A90554A-R07-C38,945
527,SA921-A90554A-R07-C41,947
528,SA921-A90554A-R07-C59,959
529,SA921-A90554A-R08-C10,972
530,SA921-A90554A-R08-C11,973
531,SA921-A90554A-R08-C16,975
532,SA921-A90554A-R08-C21,979
533,SA921-A90554A-R08-C22,980
534,SA921-A90554A-R08-C24,981
535,SA921-A90554A-R08-C25,982
536,SA921-A90554A-R08-C26,983
537,SA921-A90554A-R08-C32,989
538,SA921-A90554A-R08-C41,994
539,SA921-A90554A-R08-C51,1002
540,SA921-A90554A-R08-C52,1003
541,SA921-A90554A-R08-C62,1012
542,SA921-A90554A-R08-C69,1017
543,SA921-A90554A-R09-C14,1027
544,SA921-A90554A-R09-C27,1036
545,SA921-A90554A-R09-C28,1037
546,SA921-A90554A-R09-C37,1044
547,SA921-A90554A-R09-C40,1046
548,SA921-A90554A-R09-C51,1052
549,SA921-A90554A-R09-C58,1057
550,SA921-A90554A-R09-C66,1064
551,SA921-A90554A-R09-C68,1065
552,SA921-A90554A-R10-C11,1070
553,SA921-A90554A-R10-C14,1073
554,SA921-A90554A-R10-C17,1076
555,SA921-A90554A-R10-C56,1098
556,SA921-A90554A-R10-C58,1100
557,SA921-A90554A-R10-C61,1103
558,SA921-A90554A-R10-C64,1106
559,SA921-A90554A-R10-C68,1109
560,SA921-A90554A-R11-C09,1115
561,SA921-A90554A-R11-C14,1118
562,SA921-A90554A-R11-C16,1120
563,SA921-A90554A-R11-C26,1125
564,SA921-A90554A-R11-C37,1132
565,SA921-A90554A-R11-C49,1140
566,SA921-A90554A-R11-C52,1142
567,SA921-A90554A-R11-C56,1144
568,SA921-A90554A-R11-C58,1146
569,SA921-A90554A-R11-C60,1148
570,SA921-A90554A-R12-C13,1161
571,SA921-A90554A-R12-C14,1162
572,SA921-A90554A-R12-C20,1166
573,SA921-A90554A-R12-C28,1170
574,SA921-A90554A-R12-C56,1187
575,SA921-A90554A-R12-C60,1191
576,SA921-A90554A-R12-C66,1196
577,SA921-A90554A-R13-C11,1203
578,SA921-A90554A-R13-C16,1206
579,SA921-A90554A-R13-C17,1207
580,SA921-A90554A-R13-C20,1210
581,SA921-A90554A-R13-C38,1223
582,SA921-A90554A-R13-C41,1226
583,SA921-A90554A-R13-C50,1232
584,SA921-A90554A-R13-C64,1244
585,SA921-A90554A-R13-C65,1245
586,SA921-A90554A-R13-C68,1247
587,SA921-A90554A-R14-C07,1251
588,SA921-A90554A-R14-C09,1252
589,SA921-A90554A-R14-C17,1260
590,SA921-A90554A-R14-C24,1267
591,SA921-A90554A-R14-C25,1268
592,SA921-A90554A-R14-C27,1269
593,SA921-A90554A-R14-C28,1270
594,SA921-A90554A-R14-C40,1279
595,SA921-A90554A-R14-C42,1281
596,SA921-A90554A-R14-C45,1283
597,SA921-A90554A-R14-C48,1285
598,SA921-A90554A-R14-C51,1288
599,SA921-A90554A-R14-C58,1293
600,SA921-A90554A-R14-C61,1296
601,SA921-A90554A-R14-C64,1299
602,SA921-A90554A-R14-C70,1305
603,SA921-A90554A-R15-C13,1313
604,SA921-A90554A-R15-C18,1316
605,SA921-A90554A-R15-C22,1319
606,SA921-A90554A-R15-C24,1321
607,SA921-A90554A-R15-C25,1322
608,SA921-A90554A-R15-C36,1331
609,SA921-A90554A-R15-C51,1339
610,SA921-A90554A-R15-C58,1345
611,SA922-A90554B-R23-C32,1366
612,SA922-A90554B-R23-C45,1378
613,SA922-A90554B-R23-C50,1383
614,SA922-A90554B-R23-C56,1388
615,SA922-A90554B-R23-C59,1391
616,SA922-A90554B-R23-C67,1398
617,SA922-A90554B-R24-C08,1405
618,SA922-A90554B-R24-C12,1407
619,SA922-A90554B-R24-C14,1409
620,SA922-A90554B-R24-C17,1410
621,SA922-A90554B-R24-C18,1411
622,SA922-A90554B-R24-C22,1415
623,SA922-A90554B-R24-C24,1417
624,SA922-A90554B-R24-C26,1419
625,SA922-A90554B-R24-C28,1421
626,SA922-A90554B-R24-C30,1423
627,SA922-A90554B-R24-C40,1432
628,SA922-A90554B-R24-C68,1440
629,SA922-A90554B-R24-C69,1441
630,SA922-A90554B-R25-C09,1445
631,SA922-A90554B-R25-C27,1459
632,SA922-A90554B-R25-C30,1461
633,SA922-A90554B-R25-C41,1467
634,SA922-A90554B-R25-C58,1476
635,SA922-A90554B-R25-C61,1478
636,SA922-A90554B-R26-C11,1493
637,SA922-A90554B-R26-C24,1503
638,SA922-A90554B-R26-C32,1508
639,SA922-A90554B-R26-C37,1512
640,SA922-A90554B-R26-C41,1515
641,SA922-A90554B-R26-C42,1516
642,SA922-A90554B-R26-C49,1521
643,SA922-A90554B-R26-C59,1530
644,SA922-A90554B-R26-C60,1531
645,SA922-A90554B-R26-C66,1536
646,SA922-A90554B-R27-C07,1543
647,SA922-A90554B-R27-C12,1545
648,SA922-A90554B-R27-C14,1547
649,SA922-A90554B-R27-C32,1558
650,SA922-A90554B-R27-C41,1562
651,SA922-A90554B-R27-C44,1564
652,SA922-A90554B-R27-C51,1568
653,SA922-A90554B-R27-C64,1577
654,SA922-A90554B-R27-C66,1579
655,SA922-A90554B-R28-C07,1586
656,SA922-A90554B-R28-C12,1590
657,SA922-A90554B-R28-C18,1594
658,SA922-A90554B-R28-C21,1597
659,SA922-A90554B-R28-C24,1599
660,SA922-A90554B-R28-C25,1600
661,SA922-A90554B-R28-C38,1606
662,SA922-A90554B-R28-C40,1608
663,SA922-A90554B-R28-C45,1612
664,SA922-A90554B-R28-C50,1617
665,SA922-A90554B-R28-C60,1624
666,SA922-A90554B-R28-C66,1627
667,SA922-A90554B-R29-C16,1636
668,SA922-A90554B-R29-C19,1639
669,SA922-A90554B-R29-C22,1641
670,SA922-A90554B-R29-C36,1650
671,SA922-A90554B-R29-C37,1651
672,SA922-A90554B-R29-C41,1655
673,SA922-A90554B-R29-C44,1658
674,SA922-A90554B-R29-C48,1661
675,SA922-A90554B-R29-C49,1662
676,SA922-A90554B-R29-C58,1669
677,SA922-A90554B-R29-C61,1670
678,SA922-A90554B-R29-C68,1674
679,SA922-A90554B-R30-C07,1678
680,SA922-A90554B-R30-C09,1680
681,SA922-A90554B-R30-C17,1687
682,SA922-A90554B-R30-C40,1704
683,SA922-A90554B-R30-C45,1709
684,SA922-A90554B-R30-C52,1714
685,SA922-A90554B-R30-C60,1720
686,SA922-A90554B-R30-C66,1724
687,SA922-A90554B-R31-C18,1735
688,SA922-A90554B-R31-C19,1736
689,SA922-A90554B-R31-C20,1737
690,SA922-A90554B-R31-C26,1740
691,SA922-A90554B-R31-C29,1743
692,SA922-A90554B-R31-C36,1748
693,SA922-A90554B-R31-C42,1754
694,SA922-A90554B-R31-C51,1762
695,SA922-A90554B-R31-C70,1773
696,SA922-A90554B-R32-C11,1779
697,SA922-A90554B-R32-C12,1780
698,SA922-A90554B-R32-C16,1783
699,SA922-A90554B-R32-C19,1784
700,SA922-A90554B-R33-C19,1798
701,SA922-A90554B-R33-C26,1800
702,SA922-A90554B-R33-C28,1802
703,SA922-A90554B-R33-C30,1804
704,SA922-A90554B-R33-C37,1808
705,SA922-A90554B-R33-C48,1816
706,SA922-A90554B-R33-C59,1825
707,SA922-A90554B-R33-C60,1826
708,SA922-A90554B-R33-C66,1829
709,SA922-A90554B-R33-C67,1830
710,SA922-A90554B-R33-C70,1833
711,SA922-A90554B-R34-C08,1837
712,SA922-A90554B-R34-C13,1841
713,SA922-A90554B-R34-C16,1844
714,SA922-A90554B-R34-C35,1860
715,SA922-A90554B-R34-C37,1862
716,SA922-A90554B-R34-C41,1865
717,SA922-A90554B-R34-C49,1872
718,SA922-A90554B-R34-C58,1878
719,SA922-A90554B-R34-C67,1885
720,SA922-A90554B-R34-C68,1886
721,SA922-A90554B-R34-C69,1887
722,SA922-A90554B-R34-C70,1888
723,SA922-A90554B-R35-C07,1891
724,SA922-A90554B-R35-C08,1892
725,SA922-A90554B-R35-C12,1896
726,SA922-A90554B-R35-C14,1898
727,SA922-A90554B-R35-C16,1900
728,SA922-A90554B-R35-C17,1901
729,SA922-A90554B-R35-C20,1904
730,SA922-A90554B-R35-C25,1909
731,SA922-A90554B-R35-C52,1927
732,SA922-A90554B-R35-C58,1931
733,SA922-A90554B-R35-C59,1932
734,SA922-A90554B-R35-C61,1934
735,SA922-A90554B-R35-C62,1935
736,SA922-A90554B-R35-C70,1942
737,SA1090-A96213A-R20-C19,11
738,SA1090-A96213A-R20-C63,47
739,SA1090-A96213A-R22-C26,60
740,SA1090-A96213A-R22-C28,62
741,SA1090-A96213A-R22-C30,64
742,SA1090-A96213A-R22-C44,78
743,SA1090-A96213A-R22-C45,79
744,SA1090-A96213A-R24-C30,104
745,SA1090-A96213A-R24-C32,106
746,SA1090-A96213A-R24-C33,107
747,SA1090-A96213A-R24-C43,117
748,SA1090-A96213A-R24-C55,127
749,SA1090-A96213A-R24-C56,128
750,SA1090-A96213A-R24-C57,129
751,SA1090-A96213A-R25-C15,150
752,SA1090-A96213A-R25-C18,153
753,SA1090-A96213A-R25-C24,159
754,SA1090-A96213A-R25-C27,161
755,SA1090-A96213A-R25-C31,165
756,SA1090-A96213A-R25-C58,191
757,SA1090-A96213A-R25-C61,194
758,SA1090-A96213A-R26-C10,208
759,SA1090-A96213A-R26-C11,209
760,SA1090-A96213A-R26-C15,213
761,SA1090-A96213A-R26-C18,215
762,SA1090-A96213A-R26-C27,223
763,SA1090-A96213A-R26-C54,248
764,SA1090-A96213A-R26-C59,253
765,SA1090-A96213A-R26-C60,254
766,SA1090-A96213A-R27-C10,269
767,SA1090-A96213A-R27-C25,284
768,SA1090-A96213A-R27-C41,299
769,SA1090-A96213A-R27-C44,302
770,SA1090-A96213A-R27-C52,309
771,SA1090-A96213A-R27-C66,322
772,SA1090-A96213A-R28-C08,328
773,SA1090-A96213A-R28-C14,334
774,SA1090-A96213A-R28-C18,337
775,SA1090-A96213A-R28-C21,340
776,SA1090-A96213A-R28-C24,343
777,SA1090-A96213A-R28-C27,346
778,SA1090-A96213A-R28-C64,381
779,SA1090-A96213A-R28-C66,383
780,SA1090-A96213A-R29-C08,390
781,SA1090-A96213A-R29-C12,394
782,SA1090-A96213A-R29-C13,395
783,SA1090-A96213A-R29-C44,413
784,SA1090-A96213A-R29-C46,414
785,SA1090-A96213A-R29-C53,421
786,SA1090-A96213A-R29-C55,423
787,SA1090-A96213A-R30-C10,443
788,SA1090-A96213A-R30-C11,444
789,SA1090-A96213A-R30-C12,445
790,SA1090-A96213A-R30-C13,446
791,SA1090-A96213A-R30-C16,449
792,SA1090-A96213A-R31-C09,493
793,SA1090-A96213A-R31-C17,501
794,SA1090-A96213A-R31-C48,515
795,SA1090-A96213A-R32-C10,540
796,SA1090-A96213A-R32-C35,547
797,SA1090-A96213A-R32-C57,569
798,SA1090-A96213A-R32-C64,576
799,SA1090-A96213A-R32-C66,578
800,SA1090-A96213A-R33-C15,591
801,SA1090-A96213A-R33-C20,596
802,SA1090-A96213A-R33-C27,603
803,SA1090-A96213A-R33-C44,619
804,SA1090-A96213A-R33-C46,620
805,SA1090-A96213A-R33-C48,621
806,SA1090-A96213A-R33-C50,622
807,SA1090-A96213A-R33-C52,624
808,SA1090-A96213A-R33-C65,636
809,SA1090-A96213A-R34-C08,644
810,SA1090-A96213A-R34-C16,651
811,SA1090-A96213A-R34-C20,655
812,SA1090-A96213A-R34-C21,656
813,SA1090-A96213A-R34-C35,670
814,SA1090-A96213A-R34-C43,678
815,SA1090-A96213A-R34-C46,681
816,SA1090-A96213A-R34-C53,688
817,SA1090-A96213A-R34-C70,704
818,SA1090-A96213A-R35-C16,711
819,SA1090-A96213A-R35-C17,712
820,SA1090-A96213A-R35-C26,721
821,SA1090-A96213A-R35-C31,726
822,SA1090-A96213A-R35-C32,727
823,SA1090-A96213A-R35-C38,731
824,SA921-A90554A-R03-C22,750
825,SA921-A90554A-R03-C44,763
826,SA921-A90554A-R03-C50,767
827,SA921-A90554A-R03-C58,773
828,SA921-A90554A-R03-C67,779
829,SA921-A90554A-R04-C07,784
830,SA921-A90554A-R04-C11,788
831,SA921-A90554A-R04-C16,793
832,SA921-A90554A-R04-C17,794
833,SA921-A90554A-R04-C25,800
834,SA921-A90554A-R04-C40,811
835,SA921-A90554A-R04-C45,816
836,SA921-A90554A-R04-C52,822
837,SA921-A90554A-R04-C58,826
838,SA921-A90554A-R04-C59,827
839,SA921-A90554A-R05-C16,846
840,SA921-A90554A-R05-C18,848
841,SA921-A90554A-R05-C25,855
842,SA921-A90554A-R05-C27,856
843,SA921-A90554A-R05-C42,868
844,SA921-A90554A-R05-C61,883
845,SA921-A90554A-R07-C16,932
846,SA921-A90554A-R07-C45,949
847,SA921-A90554A-R07-C65,963
848,SA921-A90554A-R07-C66,964
849,SA921-A90554A-R08-C08,970
850,SA921-A90554A-R08-C17,976
851,SA921-A90554A-R08-C20,978
852,SA921-A90554A-R08-C36,991
853,SA921-A90554A-R08-C43,996
854,SA921-A90554A-R08-C57,1008
855,SA921-A90554A-R08-C65,1013
856,SA921-A90554A-R09-C24,1035
857,SA921-A90554A-R09-C33,1041
858,SA921-A90554A-R09-C48,1050
859,SA921-A90554A-R09-C59,1058
860,SA921-A90554A-R10-C16,1075
861,SA921-A90554A-R10-C18,1077
862,SA921-A90554A-R10-C21,1078
863,SA921-A90554A-R10-C30,1082
864,SA921-A90554A-R10-C50,1095
865,SA921-A90554A-R11-C25,1124
866,SA921-A90554A-R11-C50,1141
867,SA921-A90554A-R11-C67,1152
868,SA921-A90554A-R12-C10,1159
869,SA921-A90554A-R12-C18,1164
870,SA921-A90554A-R12-C35,1174
871,SA921-A90554A-R12-C43,1180
872,SA921-A90554A-R13-C10,1202
873,SA921-A90554A-R13-C14,1205
874,SA921-A90554A-R13-C35,1220
875,SA921-A90554A-R13-C42,1227
876,SA921-A90554A-R13-C44,1229
877,SA921-A90554A-R14-C34,1274
878,SA921-A90554A-R14-C35,1275
879,SA921-A90554A-R14-C36,1276
880,SA921-A90554A-R14-C57,1292
881,SA921-A90554A-R14-C60,1295
882,SA921-A90554A-R14-C68,1303
883,SA921-A90554A-R15-C33,1328
884,SA921-A90554A-R15-C37,1332
885,SA921-A90554A-R15-C44,1336
886,SA921-A90554A-R15-C53,1341
887,SA921-A90554A-R15-C69,1354
888,SA922-A90554B-R23-C30,1364
889,SA922-A90554B-R23-C34,1368
890,SA922-A90554B-R23-C37,1371
891,SA922-A90554B-R23-C44,1377
892,SA922-A90554B-R23-C62,1394
893,SA922-A90554B-R23-C68,1399
894,SA922-A90554B-R24-C25,1418
895,SA922-A90554B-R24-C32,1424
896,SA922-A90554B-R24-C41,1433
897,SA922-A90554B-R25-C08,1444
898,SA922-A90554B-R25-C24,1457
899,SA922-A90554B-R25-C44,1469
900,SA922-A90554B-R25-C59,1477
901,SA922-A90554B-R25-C62,1479
902,SA922-A90554B-R26-C07,1489
903,SA922-A90554B-R26-C09,1491
904,SA922-A90554B-R26-C14,1496
905,SA922-A90554B-R26-C16,1498
906,SA922-A90554B-R26-C50,1522
907,SA922-A90554B-R26-C56,1527
908,SA922-A90554B-R26-C68,1538
909,SA922-A90554B-R27-C58,1572
910,SA922-A90554B-R27-C61,1575
911,SA922-A90554B-R28-C42,1610
912,SA922-A90554B-R28-C57,1621
913,SA922-A90554B-R29-C35,1649
914,SA922-A90554B-R29-C40,1654
915,SA922-A90554B-R29-C42,1656
916,SA922-A90554B-R29-C64,1672
917,SA922-A90554B-R29-C67,1673
918,SA922-A90554B-R30-C08,1679
919,SA922-A90554B-R31-C07,1729
920,SA922-A90554B-R31-C10,1731
921,SA922-A90554B-R31-C14,1734
922,SA922-A90554B-R31-C30,1744
923,SA922-A90554B-R31-C35,1747
924,SA922-A90554B-R31-C38,1750
925,SA922-A90554B-R31-C44,1756
926,SA922-A90554B-R31-C59,1767
927,SA922-A90554B-R31-C60,1768
928,SA922-A90554B-R32-C41,1795
929,SA922-A90554B-R33-C27,1801
930,SA922-A90554B-R33-C44,1813
931,SA922-A90554B-R33-C57,1823
932,SA922-A90554B-R33-C64,1828
933,SA922-A90554B-R33-C68,1831
934,SA922-A90554B-R33-C69,1832
935,SA922-A90554B-R34-C22,1849
936,SA922-A90554B-R34-C26,1852
937,SA922-A90554B-R34-C27,1853
938,SA922-A90554B-R34-C42,1866
939,SA922-A90554B-R34-C47,1870
940,SA922-A90554B-R34-C48,1871
941,SA922-A90554B-R35-C24,1908
942,SA922-A90554B-R35-C45,1922
943,SA922-A90554B-R35-C47,1924
944,SA922-A90554B-R35-C66,1938
945,SA1090-A96213A-R20-C22,14
946,SA1090-A96213A-R20-C24,16
947,SA1090-A96213A-R20-C28,20
948,SA1090-A96213A-R20-C40,31
949,SA1090-A96213A-R22-C33,67
950,SA1090-A96213A-R22-C35,69
951,SA1090-A96213A-R22-C40,74
952,SA1090-A96213A-R24-C14,88
953,SA1090-A96213A-R24-C26,100
954,SA1090-A96213A-R24-C54,126
955,SA1090-A96213A-R24-C68,138
956,SA1090-A96213A-R25-C07,142
957,SA1090-A96213A-R25-C19,154
958,SA1090-A96213A-R25-C22,157
959,SA1090-A96213A-R25-C53,186
960,SA1090-A96213A-R25-C68,201
961,SA1090-A96213A-R26-C08,206
962,SA1090-A96213A-R26-C20,217
963,SA1090-A96213A-R26-C40,235
964,SA1090-A96213A-R26-C47,241
965,SA1090-A96213A-R26-C52,246
966,SA1090-A96213A-R27-C07,266
967,SA1090-A96213A-R27-C17,276
968,SA1090-A96213A-R27-C23,282
969,SA1090-A96213A-R27-C27,286
970,SA1090-A96213A-R28-C34,352
971,SA1090-A96213A-R28-C37,354
972,SA1090-A96213A-R28-C49,366
973,SA1090-A96213A-R28-C61,378
974,SA1090-A96213A-R29-C11,393
975,SA1090-A96213A-R29-C15,397
976,SA1090-A96213A-R29-C32,402
977,SA1090-A96213A-R29-C63,431
978,SA1090-A96213A-R29-C66,434
979,SA1090-A96213A-R29-C67,435
980,SA1090-A96213A-R30-C15,448
981,SA1090-A96213A-R30-C39,460
982,SA1090-A96213A-R30-C58,478
983,SA1090-A96213A-R31-C15,499
984,SA1090-A96213A-R31-C39,508
985,SA1090-A96213A-R31-C54,521
986,SA1090-A96213A-R31-C55,522
987,SA1090-A96213A-R31-C58,524
988,SA1090-A96213A-R31-C61,527
989,SA1090-A96213A-R31-C68,534
990,SA1090-A96213A-R32-C39,551
991,SA1090-A96213A-R32-C42,554
992,SA1090-A96213A-R32-C47,559
993,SA1090-A96213A-R32-C50,562
994,SA1090-A96213A-R32-C60,572
995,SA1090-A96213A-R32-C63,575
996,SA1090-A96213A-R33-C08,585
997,SA1090-A96213A-R33-C28,604
998,SA1090-A96213A-R33-C33,609
999,SA1090-A96213A-R33-C35,611
1000,SA1090-A96213A-R33-C38,614
1001,SA1090-A96213A-R33-C55,627
1002,SA1090-A96213A-R34-C09,645
1003,SA1090-A96213A-R34-C13,648
1004,SA1090-A96213A-R34-C18,653
1005,SA1090-A96213A-R34-C27,662
1006,SA1090-A96213A-R34-C42,677
1007,SA922-A90554B-R30-C44,1708
1008,SA921-A90554A-R04-C33,806
1009,SA921-A90554A-R04-C37,809
1010,SA921-A90554A-R04-C56,824
1011,SA921-A90554A-R05-C70,889
1012,SA921-A90554A-R07-C18,934
1013,SA921-A90554A-R07-C43,948
1014,SA921-A90554A-R07-C56,957
1015,SA921-A90554A-R07-C69,966
1016,SA921-A90554A-R08-C27,984
1017,SA921-A90554A-R08-C70,1018
1018,SA921-A90554A-R09-C13,1026
1019,SA921-A90554A-R10-C49,1094
1020,SA921-A90554A-R10-C65,1107
1021,SA921-A90554A-R11-C41,1135
1022,SA921-A90554A-R11-C44,1137
1023,SA921-A90554A-R12-C26,1169
1024,SA921-A90554A-R12-C42,1179
1025,SA921-A90554A-R12-C64,1194
1026,SA921-A90554A-R13-C25,1213
1027,SA921-A90554A-R13-C51,1233
1028,SA921-A90554A-R14-C16,1259
1029,SA921-A90554A-R15-C32,1327
1030,SA922-A90554B-R23-C29,1363
1031,SA922-A90554B-R23-C42,1375
1032,SA922-A90554B-R25-C64,1481
1033,SA922-A90554B-R25-C66,1483
1034,SA922-A90554B-R26-C20,1499
1035,SA922-A90554B-R26-C44,1518
1036,SA922-A90554B-R27-C29,1556
1037,SA922-A90554B-R30-C12,1682
1038,SA922-A90554B-R30-C27,1694
1039,SA922-A90554B-R31-C09,1730
1040,SA922-A90554B-R31-C45,1757
1041,SA922-A90554B-R32-C29,1788
1042,SA922-A90554B-R34-C64,1883
1043,SA922-A90554B-R35-C11,1895
1044,SA922-A90554B-R35-C38,1920
1045,SA922-A90554B-R35-C68,1940
1046,SA1090-A96213A-R20-C13,6
1047,SA1090-A96213A-R20-C26,18
1048,SA1090-A96213A-R20-C31,22
1049,SA1090-A96213A-R20-C51,41
1050,SA1090-A96213A-R21-C07,52
1051,SA1090-A96213A-R22-C48,82
1052,SA1090-A96213A-R24-C16,90
1053,SA1090-A96213A-R24-C20,94
1054,SA1090-A96213A-R24-C23,97
1055,SA1090-A96213A-R24-C31,105
1056,SA1090-A96213A-R24-C52,124
1057,SA1090-A96213A-R24-C64,134
1058,SA1090-A96213A-R24-C66,136
1059,SA1090-A96213A-R25-C09,144
1060,SA1090-A96213A-R25-C44,177
1061,SA1090-A96213A-R25-C45,178
1062,SA1090-A96213A-R26-C09,207
1063,SA1090-A96213A-R26-C12,210
1064,SA1090-A96213A-R26-C26,222
1065,SA1090-A96213A-R26-C38,233
1066,SA1090-A96213A-R27-C21,280
1067,SA1090-A96213A-R27-C51,308
1068,SA1090-A96213A-R28-C16,336
1069,SA1090-A96213A-R29-C17,399
1070,SA1090-A96213A-R29-C70,438
1071,SA1090-A96213A-R30-C32,453
1072,SA1090-A96213A-R31-C41,510
1073,SA1090-A96213A-R31-C53,520
1074,SA1090-A96213A-R32-C37,549
1075,SA1090-A96213A-R32-C45,557
1076,SA1090-A96213A-R32-C70,582
1077,SA1090-A96213A-R33-C13,590
1078,SA1090-A96213A-R33-C19,595
1079,SA1090-A96213A-R33-C26,602
1080,SA1090-A96213A-R33-C41,616
1081,SA1090-A96213A-R35-C11,707
1082,SA1090-A96213A-R35-C44,735
1083,SA921-A90554A-R03-C05,740
1084,SA921-A90554A-R03-C70,781
1085,SA921-A90554A-R04-C22,797
1086,SA921-A90554A-R04-C49,820
1087,SA921-A90554A-R05-C32,859
1088,SA921-A90554A-R05-C44,869
1089,SA921-A90554A-R06-C37,909
1090,SA921-A90554A-R07-C22,936
1091,SA921-A90554A-R08-C12,974
1092,SA921-A90554A-R08-C34,990
1093,SA921-A90554A-R09-C19,1032
1094,SA921-A90554A-R09-C22,1034
1095,SA921-A90554A-R10-C22,1079
1096,SA921-A90554A-R10-C36,1086
1097,SA921-A90554A-R10-C62,1104
1098,SA921-A90554A-R11-C64,1150
1099,SA921-A90554A-R12-C59,1190
1100,SA921-A90554A-R13-C09,1201
1101,SA921-A90554A-R13-C19,1209
1102,SA921-A90554A-R13-C36,1221
1103,SA921-A90554A-R14-C20,1263
1104,SA921-A90554A-R14-C56,1291
1105,SA921-A90554A-R14-C65,1300
1106,SA921-A90554A-R14-C69,1304
1107,SA921-A90554A-R15-C09,1309
1108,SA921-A90554A-R15-C40,1334
1109,SA921-A90554A-R15-C42,1335
1110,SA921-A90554A-R15-C52,1340
1111,SA922-A90554B-R23-C38,1372
1112,SA922-A90554B-R23-C69,1400
1113,SA922-A90554B-R26-C45,1519
1114,SA922-A90554B-R27-C18,1551
1115,SA922-A90554B-R28-C35,1605
1116,SA922-A90554B-R28-C48,1615
1117,SA922-A90554B-R28-C59,1623
1118,SA922-A90554B-R29-C10,1635
1119,SA922-A90554B-R29-C17,1637
1120,SA922-A90554B-R29-C55,1667
1121,SA922-A90554B-R31-C11,1732
1122,SA922-A90554B-R34-C32,1857
1123,SA1090-A96213A-R20-C10,3
1124,SA1090-A96213A-R20-C68,50
1125,SA1090-A96213A-R24-C12,86
1126,SA1090-A96213A-R24-C25,99
1127,SA1090-A96213A-R24-C35,109
1128,SA1090-A96213A-R24-C70,140
1129,SA1090-A96213A-R25-C35,169
1130,SA1090-A96213A-R26-C57,251
1131,SA1090-A96213A-R28-C11,331
1132,SA1090-A96213A-R28-C39,356
1133,SA1090-A96213A-R28-C63,380
1134,SA1090-A96213A-R29-C54,422
1135,SA1090-A96213A-R31-C08,492
1136,SA1090-A96213A-R31-C12,496
1137,SA1090-A96213A-R32-C07,538
1138,SA1090-A96213A-R32-C16,546
1139,SA1090-A96213A-R32-C56,568
1140,SA1090-A96213A-R32-C67,579
1141,SA1090-A96213A-R33-C67,638
1142,SA1090-A96213A-R34-C11,646
1143,SA1090-A96213A-R34-C38,673
1144,SA1090-A96213A-R34-C68,703
1145,SA1090-A96213A-R35-C28,723
1146,SA921-A90554A-R03-C27,753
1147,SA921-A90554A-R03-C65,777
1148,SA921-A90554A-R05-C37,863
1149,SA921-A90554A-R06-C13,893
1150,SA921-A90554A-R06-C57,916
1151,SA921-A90554A-R07-C30,940
1152,SA921-A90554A-R08-C09,971
1153,SA921-A90554A-R08-C42,995
1154,SA921-A90554A-R10-C44,1089
1155,SA921-A90554A-R11-C11,1116
1156,SA921-A90554A-R12-C29,1171
1157,SA921-A90554A-R12-C37,1176
1158,SA921-A90554A-R12-C50,1182
1159,SA921-A90554A-R13-C12,1204
1160,SA921-A90554A-R13-C28,1216
1161,SA921-A90554A-R13-C49,1231
1162,SA921-A90554A-R13-C60,1240
1163,SA921-A90554A-R15-C08,1308
1164,SA922-A90554B-R23-C22,1358
1165,SA922-A90554B-R23-C33,1367
1166,SA922-A90554B-R23-C48,1381
1167,SA922-A90554B-R24-C67,1439
1168,SA922-A90554B-R25-C56,1475
1169,SA922-A90554B-R26-C64,1535
1170,SA922-A90554B-R28-C14,1591
1171,SA922-A90554B-R28-C41,1609
1172,SA922-A90554B-R29-C21,1640
1173,SA922-A90554B-R29-C51,1663
1174,SA922-A90554B-R30-C14,1684
1175,SA922-A90554B-R32-C10,1778
1176,SA922-A90554B-R32-C25,1787
1177,SA922-A90554B-R35-C40,1921
1178,SA922-A90554B-R35-C56,1930
1179,SA1090-A96213A-R20-C44,35
1180,SA1090-A96213A-R20-C49,39
1181,SA1090-A96213A-R22-C27,61
1182,SA1090-A96213A-R22-C38,72
1183,SA1090-A96213A-R24-C40,114
1184,SA1090-A96213A-R24-C42,116
1185,SA1090-A96213A-R24-C45,119
1186,SA1090-A96213A-R24-C63,133
1187,SA1090-A96213A-R25-C08,143
1188,SA1090-A96213A-R25-C21,156
1189,SA1090-A96213A-R25-C29,163
1190,SA1090-A96213A-R25-C34,168
1191,SA1090-A96213A-R25-C47,180
1192,SA1090-A96213A-R25-C59,192
1193,SA1090-A96213A-R25-C65,198
1194,SA1090-A96213A-R26-C48,242
1195,SA1090-A96213A-R26-C70,264
1196,SA1090-A96213A-R27-C11,270
1197,SA1090-A96213A-R27-C50,307
1198,SA1090-A96213A-R27-C58,314
1199,SA1090-A96213A-R27-C61,317
1200,SA1090-A96213A-R28-C30,349
1201,SA1090-A96213A-R28-C56,373
1202,SA1090-A96213A-R28-C62,379
1203,SA1090-A96213A-R28-C67,384
1204,SA1090-A96213A-R30-C08,441
1205,SA1090-A96213A-R30-C49,469
1206,SA1090-A96213A-R30-C56,476
1207,SA1090-A96213A-R31-C34,503
1208,SA1090-A96213A-R33-C22,598
1209,SA1090-A96213A-R33-C40,615
1210,SA1090-A96213A-R33-C54,626
1211,SA1090-A96213A-R33-C68,639
1212,SA1090-A96213A-R33-C70,641
1213,SA1090-A96213A-R34-C44,679
1214,SA1090-A96213A-R34-C45,680
1215,SA1090-A96213A-R34-C47,682
1216,SA1090-A96213A-R34-C57,692
1217,SA1090-A96213A-R34-C66,701
1218,SA1090-A96213A-R35-C24,719
1219,SA1090-A96213A-R35-C36,730
1220,SA921-A90554A-R04-C62,829
1221,SA921-A90554A-R04-C66,832
1222,SA921-A90554A-R07-C19,935
1223,SA921-A90554A-R07-C40,946
1224,SA921-A90554A-R07-C49,952
1225,SA921-A90554A-R08-C49,1001
1226,SA921-A90554A-R09-C21,1033
1227,SA921-A90554A-R09-C65,1063
1228,SA921-A90554A-R12-C41,1178
1229,SA921-A90554A-R12-C68,1197
1230,SA921-A90554A-R14-C18,1261
1231,SA921-A90554A-R14-C33,1273
1232,SA921-A90554A-R15-C35,1330
1233,SA922-A90554B-R29-C28,1645
1234,SA922-A90554B-R30-C11,1681
1235,SA922-A90554B-R31-C40,1752
1236,SA922-A90554B-R32-C21,1785
1237,SA922-A90554B-R33-C53,1819
1238,SA1090-A96213A-R20-C20,12
1239,SA1090-A96213A-R20-C39,30
1240,SA1090-A96213A-R20-C47,37
1241,SA1090-A96213A-R22-C24,59
1242,SA1090-A96213A-R22-C32,66
1243,SA1090-A96213A-R25-C41,174
1244,SA1090-A96213A-R26-C07,205
1245,SA1090-A96213A-R26-C39,234
1246,SA1090-A96213A-R26-C45,239
1247,SA1090-A96213A-R26-C69,263
1248,SA1090-A96213A-R27-C15,274
1249,SA1090-A96213A-R28-C19,338
1250,SA1090-A96213A-R28-C44,361
1251,SA1090-A96213A-R29-C68,436
1252,SA1090-A96213A-R30-C17,450
1253,SA1090-A96213A-R30-C37,458
1254,SA1090-A96213A-R31-C10,494
1255,SA1090-A96213A-R31-C14,498
1256,SA1090-A96213A-R31-C47,514
1257,SA1090-A96213A-R31-C70,536
1258,SA1090-A96213A-R33-C09,586
1259,SA1090-A96213A-R34-C36,671
1260,SA1090-A96213A-R34-C51,686
1261,SA1090-A96213A-R35-C39,732
1262,SA921-A90554A-R03-C08,741
1263,SA921-A90554A-R04-C67,833
1264,SA921-A90554A-R05-C34,860
1265,SA921-A90554A-R05-C56,878
1266,SA921-A90554A-R05-C59,881
1267,SA921-A90554A-R06-C66,922
1268,SA921-A90554A-R07-C10,929
1269,SA921-A90554A-R07-C25,938
1270,SA921-A90554A-R07-C67,965
1271,SA921-A90554A-R08-C37,992
1272,SA921-A90554A-R08-C59,1010
1273,SA921-A90554A-R08-C66,1014
1274,SA921-A90554A-R09-C16,1029
1275,SA921-A90554A-R10-C59,1101
1276,SA921-A90554A-R11-C08,1114
1277,SA921-A90554A-R11-C38,1133
1278,SA921-A90554A-R11-C40,1134
1279,SA921-A90554A-R13-C27,1215
1280,SA921-A90554A-R14-C22,1265
1281,SA921-A90554A-R14-C59,1294
1282,SA921-A90554A-R14-C66,1301
1283,SA921-A90554A-R15-C56,1344
1284,SA921-A90554A-R15-C66,1351
1285,SA921-A90554A-R15-C67,1352
1286,SA922-A90554B-R23-C52,1384
1287,SA922-A90554B-R23-C64,1396
1288,SA922-A90554B-R25-C10,1446
1289,SA922-A90554B-R25-C12,1448
1290,SA922-A90554B-R26-C08,1490
1291,SA922-A90554B-R26-C10,1492
1292,SA922-A90554B-R26-C21,1500
1293,SA922-A90554B-R26-C22,1501
1294,SA922-A90554B-R26-C27,1506
1295,SA922-A90554B-R27-C16,1549
1296,SA922-A90554B-R27-C22,1553
1297,SA922-A90554B-R28-C27,1601
1298,SA922-A90554B-R28-C44,1611
1299,SA922-A90554B-R28-C49,1616
1300,SA922-A90554B-R30-C20,1689
1301,SA922-A90554B-R30-C41,1705
1302,SA922-A90554B-R30-C70,1726
1303,SA922-A90554B-R31-C27,1741
1304,SA922-A90554B-R31-C34,1746
1305,SA922-A90554B-R31-C52,1763
1306,SA922-A90554B-R32-C37,1792
1307,SA922-A90554B-R33-C35,1807
1308,SA922-A90554B-R33-C52,1818
1309,SA922-A90554B-R34-C12,1840
1310,SA922-A90554B-R35-C10,1894
1311,SA922-A90554B-R35-C18,1902
1312,SA922-A90554B-R35-C22,1906
1313,SA1090-A96213A-R22-C22,57
1314,SA1090-A96213A-R22-C23,58
1315,SA1090-A96213A-R24-C15,89
1316,SA1090-A96213A-R24-C38,112
1317,SA1090-A96213A-R25-C40,173
1318,SA1090-A96213A-R26-C31,226
1319,SA1090-A96213A-R26-C50,244
1320,SA1090-A96213A-R26-C65,259
1321,SA1090-A96213A-R27-C12,271
1322,SA1090-A96213A-R27-C53,310
1323,SA1090-A96213A-R27-C59,315
1324,SA1090-A96213A-R27-C69,325
1325,SA1090-A96213A-R28-C38,355
1326,SA1090-A96213A-R28-C40,357
1327,SA1090-A96213A-R28-C45,362
1328,SA1090-A96213A-R29-C43,412
1329,SA1090-A96213A-R29-C48,416
1330,SA1090-A96213A-R29-C56,424
1331,SA1090-A96213A-R29-C69,437
1332,SA1090-A96213A-R30-C33,454
1333,SA1090-A96213A-R30-C67,487
1334,SA1090-A96213A-R31-C62,528
1335,SA1090-A96213A-R32-C08,539
1336,SA1090-A96213A-R33-C24,600
1337,SA1090-A96213A-R33-C37,613
1338,SA1090-A96213A-R33-C59,631
1339,SA1090-A96213A-R33-C66,637
1340,SA1090-A96213A-R34-C31,666
1341,SA1090-A96213A-R34-C33,668
1342,SA1090-A96213A-R34-C52,687
1343,SA1090-A96213A-R35-C14,709
1344,SA1090-A96213A-R35-C47,737
1345,SA921-A90554A-R03-C16,746
1346,SA921-A90554A-R03-C24,751
1347,SA921-A90554A-R03-C56,771
1348,SA921-A90554A-R05-C11,842
1349,SA921-A90554A-R05-C22,852
1350,SA921-A90554A-R06-C17,897
1351,SA921-A90554A-R07-C52,953
1352,SA921-A90554A-R09-C07,1021
1353,SA921-A90554A-R10-C60,1102
1354,SA921-A90554A-R11-C42,1136
1355,SA921-A90554A-R12-C24,1167
1356,SA921-A90554A-R12-C65,1195
1357,SA921-A90554A-R13-C45,1230
1358,SA921-A90554A-R13-C57,1237
1359,SA921-A90554A-R15-C20,1317
1360,SA922-A90554B-R24-C13,1408
1361,SA922-A90554B-R26-C05,1488
1362,SA922-A90554B-R28-C09,1587
1363,SA922-A90554B-R30-C16,1686
1364,SA922-A90554B-R30-C34,1700
1365,SA922-A90554B-R30-C57,1718
1366,SA922-A90554B-R34-C34,1859
1367,SA1090-A96213A-R20-C08,1
1368,SA1090-A96213A-R20-C46,36
1369,SA1090-A96213A-R24-C28,102
1370,SA1090-A96213A-R24-C37,111
1371,SA1090-A96213A-R25-C12,147
1372,SA1090-A96213A-R25-C23,158
1373,SA1090-A96213A-R25-C30,164
1374,SA1090-A96213A-R25-C70,203
1375,SA1090-A96213A-R27-C14,273
1376,SA1090-A96213A-R27-C42,300
1377,SA1090-A96213A-R27-C67,323
1378,SA1090-A96213A-R27-C68,324
1379,SA1090-A96213A-R29-C59,427
1380,SA1090-A96213A-R30-C62,482
1381,SA1090-A96213A-R31-C37,506
1382,SA1090-A96213A-R31-C40,509
1383,SA1090-A96213A-R31-C44,513
1384,SA1090-A96213A-R31-C66,532
1385,SA1090-A96213A-R31-C69,535
1386,SA1090-A96213A-R32-C38,550
1387,SA1090-A96213A-R32-C55,567
1388,SA1090-A96213A-R33-C18,594
1389,SA1090-A96213A-R33-C58,630
1390,SA1090-A96213A-R34-C32,667
1391,SA1090-A96213A-R34-C37,672
1392,SA1090-A96213A-R35-C15,710
1393,SA921-A90554A-R03-C45,764
1394,SA921-A90554A-R04-C65,831
1395,SA921-A90554A-R06-C20,899
1396,SA921-A90554A-R09-C38,1045
1397,SA921-A90554A-R09-C45,1048
1398,SA921-A90554A-R09-C61,1059
1399,SA921-A90554A-R10-C28,1081
1400,SA921-A90554A-R13-C21,1211
1401,SA921-A90554A-R13-C34,1219
1402,SA921-A90554A-R15-C64,1349
1403,SA922-A90554B-R28-C70,1631
1404,SA922-A90554B-R30-C65,1723
1405,SA922-A90554B-R33-C29,1803
1406,SA922-A90554B-R33-C42,1812
1407,SA922-A90554B-R35-C30,1912
1408,SA1090-A96213A-R22-C49,83
1409,SA1090-A96213A-R24-C22,96
1410,SA1090-A96213A-R24-C61,132
1411,SA1090-A96213A-R24-C69,139
1412,SA1090-A96213A-R25-C25,160
1413,SA1090-A96213A-R25-C43,176
1414,SA1090-A96213A-R26-C25,221
1415,SA1090-A96213A-R26-C29,225
1416,SA1090-A96213A-R26-C49,243
1417,SA1090-A96213A-R26-C63,257
1418,SA1090-A96213A-R27-C19,278
1419,SA1090-A96213A-R28-C36,353
1420,SA1090-A96213A-R28-C47,364
1421,SA1090-A96213A-R28-C55,372
1422,SA1090-A96213A-R28-C57,374
1423,SA1090-A96213A-R28-C58,375
1424,SA1090-A96213A-R29-C19,401
1425,SA1090-A96213A-R32-C36,548
1426,SA1090-A96213A-R32-C40,552
1427,SA1090-A96213A-R32-C41,553
1428,SA1090-A96213A-R32-C46,558
1429,SA1090-A96213A-R32-C52,564
1430,SA1090-A96213A-R32-C53,565
1431,SA1090-A96213A-R32-C61,573
1432,SA1090-A96213A-R32-C69,581
1433,SA1090-A96213A-R33-C16,592
1434,SA1090-A96213A-R33-C36,612
1435,SA1090-A96213A-R33-C42,617
1436,SA1090-A96213A-R33-C43,618
1437,SA1090-A96213A-R33-C57,629
1438,SA1090-A96213A-R34-C30,665
1439,SA1090-A96213A-R34-C49,684
1440,SA1090-A96213A-R35-C12,708
1441,SA1090-A96213A-R35-C33,728
1442,SA921-A90554A-R03-C34,756
1443,SA921-A90554A-R14-C41,1280
1444,SA922-A90554B-R23-C16,1357
1445,SA922-A90554B-R25-C17,1451
1446,SA922-A90554B-R26-C36,1511
1447,SA922-A90554B-R27-C27,1555
1448,SA922-A90554B-R28-C58,1622
1449,SA922-A90554B-R33-C33,1805
1450,SA1090-A96213A-R20-C23,15
1451,SA1090-A96213A-R20-C48,38
1452,SA1090-A96213A-R22-C21,56
1453,SA1090-A96213A-R25-C63,196
1454,SA1090-A96213A-R26-C36,231
1455,SA1090-A96213A-R27-C26,285
1456,SA1090-A96213A-R28-C54,371
1457,SA1090-A96213A-R28-C65,382
1458,SA1090-A96213A-R31-C11,495
1459,SA1090-A96213A-R32-C48,560
1460,SA1090-A96213A-R32-C54,566
1461,SA1090-A96213A-R32-C59,571
1462,SA1090-A96213A-R34-C17,652
1463,SA1090-A96213A-R34-C29,664
1464,SA1090-A96213A-R35-C34,729
1465,SA921-A90554A-R10-C66,1108
1466,SA921-A90554A-R12-C51,1183
1467,SA921-A90554A-R13-C43,1228
1468,SA921-A90554A-R14-C62,1297
1469,SA921-A90554A-R14-C67,1302
1470,SA921-A90554A-R15-C65,1350
1471,SA922-A90554B-R26-C33,1509
1472,SA922-A90554B-R26-C40,1514
1473,SA922-A90554B-R28-C29,1602
1474,SA922-A90554B-R29-C33,1647
1475,SA1090-A96213A-R20-C21,13
1476,SA1090-A96213A-R22-C50,84
1477,SA1090-A96213A-R24-C39,113
1478,SA1090-A96213A-R25-C17,152
1479,SA1090-A96213A-R25-C64,197
1480,SA1090-A96213A-R26-C13,211
1481,SA1090-A96213A-R26-C62,256
1482,SA1090-A96213A-R27-C48,305
1483,SA1090-A96213A-R29-C10,392
1484,SA1090-A96213A-R30-C44,465
1485,SA1090-A96213A-R30-C65,485
1486,SA1090-A96213A-R31-C35,504
1487,SA1090-A96213A-R31-C42,511
1488,SA1090-A96213A-R32-C15,545
1489,SA1090-A96213A-R35-C10,706
1490,SA922-A90554B-R25-C65,1482
1491,SA1090-A96213A-R25-C14,149
1492,SA1090-A96213A-R28-C20,339
1493,SA1090-A96213A-R31-C56,523
1494,SA1090-A96213A-R31-C63,529
1495,SA1090-A96213A-R33-C32,608
1496,SA1090-A96213A-R34-C12,647
1497,SA1090-A96213A-R35-C45,736
1498,SA921-A90554A-R06-C70,924
1499,SA921-A90554A-R09-C62,1060
1500,SA921-A90554A-R10-C57,1099
1501,SA921-A90554A-R12-C34,1173
1502,SA921-A90554A-R12-C69,1198
1503,SA921-A90554A-R15-C38,1333
1504,SA1090-A96213A-R22-C18,54
1505,SA1090-A96213A-R24-C36,110
1506,SA1090-A96213A-R24-C53,125
1507,SA1090-A96213A-R27-C64,320
1508,SA1090-A96213A-R33-C60,632
1509,SA921-A90554A-R05-C21,851
1510,SA921-A90554A-R09-C09,1022
1511,SA922-A90554B-R24-C35,1427
1512,SA922-A90554B-R30-C32,1699
1513,SA922-A90554B-R30-C42,1706
1514,SA922-A90554B-R33-C41,1811
1515,SA1090-A96213A-R20-C36,27
1516,SA1090-A96213A-R22-C37,71
1517,SA1090-A96213A-R24-C65,135
1518,SA1090-A96213A-R24-C67,137
1519,SA1090-A96213A-R26-C58,252
1520,SA1090-A96213A-R27-C32,291
1521,SA1090-A96213A-R27-C60,316
1522,SA1090-A96213A-R28-C51,368
1523,SA1090-A96213A-R30-C50,470
1524,SA1090-A96213A-R31-C65,531
1525,SA1090-A96213A-R34-C23,658
1526,SA1090-A96213A-R34-C39,674
1527,SA1090-A96213A-R34-C61,696
1528,SA921-A90554A-R03-C66,778
1529,SA922-A90554B-R30-C62,1721
1530,SA922-A90554B-R31-C48,1760
1531,SA1090-A96213A-R25-C11,146
1532,SA1090-A96213A-R27-C09,268
1533,SA1090-A96213A-R29-C09,391
1534,SA921-A90554A-R09-C12,1025
1535,SA921-A90554A-R13-C26,1214
1536,SA922-A90554B-R27-C33,1559
1537,SA922-A90554B-R29-C54,1666
1538,SA1090-A96213A-R24-C47,121
1539,SA1090-A96213A-R28-C10,330
1540,SA921-A90554A-R09-C53,1053
1541,SA921-A90554A-R12-C58,1189
1542,SA1090-A96213A-R20-C33,24
1543,SA1090-A96213A-R20-C64,48
1544,SA1090-A96213A-R24-C18,92
1545,SA1090-A96213A-R27-C18,277
1546,SA1090-A96213A-R28-C25,344
1547,SA1090-A96213A-R29-C36,406
1548,SA1090-A96213A-R29-C50,418
1549,SA1090-A96213A-R30-C18,451
1550,SA1090-A96213A-R31-C07,491
1551,SA1090-A96213A-R31-C50,517
1552,SA1090-A96213A-R33-C25,601
1553,SA921-A90554A-R05-C45,870
1554,SA921-A90554A-R11-C27,1126
1555,SA1090-A96213A-R26-C64,258
1556,SA1090-A96213A-R27-C62,318
1557,SA1090-A96213A-R28-C22,341
1558,SA1090-A96213A-R32-C65,577
1559,SA1090-A96213A-R34-C62,697
1560,SA921-A90554A-R03-C19,747
1561,SA921-A90554A-R03-C53,769
1562,SA921-A90554A-R11-C57,1145
1563,SA922-A90554B-R28-C19,1595
1564,SA1090-A96213A-R20-C61,45
1565,SA1090-A96213A-R26-C67,261
1566,SA1090-A96213A-R30-C34,455
1567,SA1090-A96213A-R34-C14,649
1568,SA922-A90554B-R28-C10,1588
1569,SA922-A90554B-R30-C30,1697
1570,SA922-A90554B-R34-C52,1874
1571,SA1090-A96213A-R27-C47,304
1572,SA1090-A96213A-R29-C62,430
1573,SA922-A90554B-R31-C62,1769
1574,SA1090-A96213A-R20-C32,23
1575,SA1090-A96213A-R28-C60,377
1576,SA921-A90554A-R08-C53,1004
1577,SA921-A90554A-R15-C17,1315
1578,SA922-A90554B-R31-C49,1761
1579,SA922-A90554B-R34-C62,1881
1580,SA1090-A96213A-R20-C12,5
1581,SA1090-A96213A-R22-C34,68
1582,SA1090-A96213A-R24-C21,95
1583,SA1090-A96213A-R28-C42,359
1584,SA1090-A96213A-R30-C70,489
1585,SA1090-A96213A-R31-C51,518
1586,SA922-A90554B-R34-C45,1868
1587,SA1090-A96213A-R26-C53,247
1588,SA1090-A96213A-R29-C18,400
1589,SA1090-A96213A-R34-C25,660
1590,SA1090-A96213A-R35-C29,724
1591,SA1090-A96213A-R35-C41,734
1592,SA1090-A96213A-R26-C34,229
1593,SA921-A90554A-R08-C18,977
1594,SA921-A90554A-R13-C58,1238
1595,SA921-A90554A-R03-C09,742
1596,SA1090-A96213A-R28-C46,363
1597,SA1090-A96213A-R29-C47,415
1598,SA1090-A96213A-R33-C62,634
1599,SA921-A90554A-R09-C49,1051
1600,SA921-A90554A-R14-C19,1262
1601,SA1090-A96213A-R26-C28,224
1602,SA921-A90554A-R05-C24,854
1603,SA921-A90554A-R05-C53,875
1604,SA921-A90554A-R06-C21,900
1605,SA921-A90554A-R06-C46,913
1606,SA921-A90554A-R07-C29,939
1607,SA921-A90554A-R08-C45,998
1608,SA921-A90554A-R09-C18,1031
1609,SA921-A90554A-R09-C69,1066
1610,SA921-A90554A-R13-C62,1242
1611,SA921-A90554A-R15-C34,1329
1612,SA1090-A96213A-R27-C13,272
1613,SA1090-A96213A-R28-C28,347
1614,SA1090-A96213A-R20-C09,2
1615,SA1090-A96213A-R27-C24,283
1616,SA1090-A96213A-R24-C34,108
1617,SA1090-A96213A-R27-C08,267
1618,SA921-A90554A-R04-C68,834
1619,SA1090-A96213A-R26-C66,260
1620,SA1090-A96213A-R28-C53,370
1621,SA1090-A96213A-R33-C34,610
1622,SA921-A90554A-R13-C53,1234
1623,SA921-A90554A-R09-C35,1042
1624,SA922-A90554B-R23-C70,1401
1625,SA1090-A96213A-R24-C44,118
1626,SA922-A90554B-R30-C56,1717
1627,SA1090-A96213A-R22-C36,70
1628,SA1090-A96213A-R28-C68,385
1629,SA921-A90554A-R12-C53,1184
1630,SA1090-A96213A-R20-C37,28
1631,SA1090-A96213A-R24-C19,93
1632,SA1090-A96213A-R30-C45,466
1633,SA921-A90554A-R11-C15,1119
1634,SA1090-A96213A-R27-C35,294
1635,SA922-A90554B-R26-C53,1524
1636,SA922-A90554B-R28-C63,1625
1637,SA1090-A96213A-R20-C65,49
1638,SA921-A90554A-R12-C36,1175
1639,SA1090-A96213A-R27-C38,297
1640,SA1090-A96213A-R34-C34,669
1641,SA921-A90554A-R04-C53,823
1642,SA921-A90554A-R04-C26,801
1643,SA1090-A96213A-R34-C26,661
1644,SA921-A90554A-R07-C17,933
1645,SA921-A90554A-R09-C36,1043
1646,SA921-A90554A-R14-C21,1264
1647,SA1090-A96213A-R28-C41,358
1648,SA922-A90554B-R31-C54,1764
1649,SA922-A90554B-R34-C51,1873
1650,SA921-A90554A-R10-C33,1084
1651,SA922-A90554B-R33-C55,1821
1652,SA921-A90554A-R04-C47,818
1653,SA921-A90554A-R07-C53,954
1654,SA921-A90554A-R09-C05,1020
1655,SA1090-A96213A-R31-C36,505
1656,SA1090-A96213A-R29-C65,433
1657,SA1090-A96213A-R34-C65,700
1658,SA921-A90554A-R06-C53,915
1659,SA922-A90554B-R27-C47,1566
1660,SA922-A90554B-R28-C47,1614
1661,SA921-A90554A-R08-C30,987
1662,SA922-A90554B-R31-C46,1758
1663,SA1090-A96213A-R33-C53,625
1664,SA921-A90554A-R10-C53,1096
1665,SA922-A90554B-R28-C05,1585
1666,SA1090-A96213A-R30-C64,484
1667,SA921-A90554A-R07-C07,927
1668,SA1090-A96213A-R30-C68,488
1669,SA921-A90554A-R14-C39,1278
1670,SA922-A90554B-R35-C53,1928
1671,SA1090-A96213A-R33-C64,635
1672,SA922-A90554B-R31-C55,1765
1673,SA922-A90554B-R28-C53,1618
1674,SA921-A90554A-R08-C55,1006
1675,SA921-A90554A-R15-C59,1346
1676,SA1090-A96213A-R24-C29,103
1677,SA1090-A96213A-R30-C53,473
1678,SA921-A90554A-R08-C31,988
1679,SA921-A90554A-R05-C47,872
1680,SA922-A90554B-R32-C05,1775
1681,SA1090-A96213A-R31-C64,530
1682,SA1090-A96213A-R25-C50,183
1683,SA922-A90554B-R31-C24,1738
1684,SA922-A90554B-R23-C46,1379
1685,SA1090-A96213A-R20-C54,42
1686,SA1090-A96213A-R27-C65,321
1687,SA922-A90554B-R29-C05,1633
1688,SA921-A90554A-R12-C07,1157
1689,SA921-A90554A-R14-C55,1290
1690,SA1090-A96213A-R35-C40,733
1691,SA922-A90554B-R24-C05,1403
1692,SA922-A90554B-R35-C15,1899
1693,SA921-A90554A-R05-C55,877
1694,SA922-A90554B-R27-C05,1542
1695,SA921-A90554A-R08-C56,1007
1696,SA921-A90554A-R09-C11,1024
1697,SA1090-A96213A-R33-C56,628
1698,SA921-A90554A-R06-C23,902
1699,SA922-A90554B-R27-C46,1565
1700,SA922-A90554B-R24-C39,1431
1701,SA922-A90554B-R23-C41,1374
1702,SA921-A90554A-R12-C09,1158
1703,SA922-A90554B-R30-C47,1710
1704,SA1090-A96213A-R27-C70,326
1705,SA921-A90554A-R08-C29,986
1706,SA922-A90554B-R28-C30,1603
1707,SA922-A90554B-R25-C38,1464
1708,SA921-A90554A-R14-C10,1253
1709,SA921-A90554A-R04-C09,786
1710,SA1090-A96213A-R34-C64,699
1711,SA922-A90554B-R33-C54,1820
1712,SA922-A90554B-R29-C53,1665
1713,SA922-A90554B-R35-C55,1929
1714,SA922-A90554B-R25-C11,1447
1715,SA921-A90554A-R03-C38,759
1716,SA922-A90554B-R24-C37,1429
1717,SA1090-A96213A-R20-C15,8
1718,SA922-A90554B-R33-C63,1827
1719,SA921-A90554A-R08-C05,968
1720,SA921-A90554A-R05-C31,858
1721,SA922-A90554B-R27-C17,1550
1722,SA921-A90554A-R06-C38,910
1723,SA922-A90554B-R28-C55,1619
1724,SA1090-A96213A-R24-C06,85
1725,SA1090-A96213A-R33-C69,640
1726,SA921-A90554A-R05-C17,847
1727,SA922-A90554B-R23-C53,1385
1728,SA921-A90554A-R14-C52,1289
1729,SA922-A90554B-R27-C10,1544
1730,SA922-A90554B-R32-C22,1786
1731,SA921-A90554A-R04-C03,782
1732,SA921-A90554A-R11-C19,1121
1733,SA922-A90554B-R31-C05,1728
1734,SA922-A90554B-R30-C31,1698
1735,SA921-A90554A-R04-C15,792
1736,SA922-A90554B-R25-C05,1443
1737,SA922-A90554B-R34-C19,1846
1738,SA922-A90554B-R30-C55,1716
1739,SA922-A90554B-R27-C67,1580
1740,SA922-A90554B-R31-C12,1733
1741,SA922-A90554B-R35-C05,1890
1742,SA921-A90554A-R15-C55,1343
1743,SA922-A90554B-R32-C31,1789
1744,SA921-A90554A-R11-C47,1138
1745,SA922-A90554B-R31-C47,1759
1746,SA921-A90554A-R05-C63,884
1747,SA921-A90554A-R12-C55,1186
1748,SA922-A90554B-R23-C55,1387
1749,SA921-A90554A-R09-C31,1039
1750,SA921-A90554A-R10-C12,1071
1751,SA922-A90554B-R34-C53,1875
1752,SA921-A90554A-R11-C05,1112
1753,SA922-A90554B-R33-C24,1799
1754,SA921-A90554A-R10-C31,1083
1755,SA922-A90554B-R26-C55,1526
1756,SA921-A90554A-R14-C15,1258
1757,SA1090-A96213A-R33-C51,623
1758,SA921-A90554A-R12-C63,1193
1759,SA922-A90554B-R34-C57,1877
1760,SA921-A90554A-R05-C05,838
1761,SA921-A90554A-R04-C46,817
1762,SA922-A90554B-R32-C40,1794
1763,SA921-A90554A-R14-C05,1250
1764,SA921-A90554A-R09-C55,1054
1765,SA922-A90554B-R32-C07,1776
1766,SA922-A90554B-R34-C07,1836
1767,SA922-A90554B-R25-C13,1449
1768,SA921-A90554A-R09-C64,1062
1769,SA921-A90554A-R14-C38,1277
1770,SA1090-A96213A-R35-C19,714
1771,SA921-A90554A-R10-C47,1092
1772,SA922-A90554B-R29-C52,1664
1773,SA922-A90554B-R29-C03,1632
1774,SA921-A90554A-R13-C39,1224
1775,SA922-A90554B-R34-C05,1835
1776,SA922-A90554B-R27-C54,1569
1777,SA921-A90554A-R15-C05,1307
1778,SA1090-A96213A-R28-C06,327
1779,SA1090-A96213A-R26-C06,204
1780,SA921-A90554A-R08-C47,999
1781,SA922-A90554B-R32-C09,1777
1782,SA922-A90554B-R33-C05,1797
1783,SA921-A90554A-R05-C03,837
1784,SA921-A90554A-R05-C39,865
1785,SA922-A90554B-R27-C55,1570
1786,SA922-A90554B-R33-C03,1796
1787,SA922-A90554B-R28-C15,1592
1788,SA922-A90554B-R25-C33,1462
1789,SA922-A90554B-R26-C03,1487
1790,SA922-A90554B-R23-C47,1380
1791,SA922-A90554B-R23-C65,1397
1792,SA922-A90554B-R28-C68,1629
1793,SA921-A90554A-R12-C54,1185
1794,SA922-A90554B-R23-C57,1389
1795,SA922-A90554B-R26-C47,1520
1796,SA921-A90554A-R14-C03,1249
1797,SA921-A90554A-R03-C47,765
1798,SA922-A90554B-R34-C38,1863
1799,SA921-A90554A-R11-C66,1151
1800,SA921-A90554A-R09-C63,1061
1801,SA922-A90554B-R30-C54,1715
1802,SA922-A90554B-R29-C07,1634
1803,SA922-A90554B-R24-C07,1404
1804,SA1090-A96213A-R27-C40,298
1805,SA922-A90554B-R35-C46,1923
1806,SA922-A90554B-R34-C63,1882
1807,SA921-A90554A-R08-C03,967
1808,SA922-A90554B-R34-C03,1834
1809,SA922-A90554B-R29-C31,1646
1810,SA1090-A96213A-R20-C42,33
1811,SA921-A90554A-R07-C47,950
1812,SA922-A90554B-R24-C38,1430
1813,SA921-A90554A-R15-C15,1314
1814,SA922-A90554B-R26-C54,1525
1815,SA922-A90554B-R30-C05,1677
1816,SA1090-A96213A-R27-C31,290
1817,SA921-A90554A-R11-C59,1147
1818,SA922-A90554B-R34-C46,1869
1819,SA1090-A96213A-R34-C60,695
1820,SA921-A90554A-R10-C70,1110
1821,SA922-A90554B-R25-C03,1442
1822,SA921-A90554A-R11-C63,1149
1823,SA922-A90554B-R25-C47,1471
1824,SA921-A90554A-R09-C03,1019
1825,SA921-A90554A-R11-C31,1128
1826,SA921-A90554A-R05-C23,853
1827,SA922-A90554B-R29-C47,1660
1828,SA922-A90554B-R34-C31,1856
1829,SA922-A90554B-R29-C62,1671
1830,SA922-A90554B-R23-C63,1395
1831,SA922-A90554B-R27-C15,1548
1832,SA921-A90554A-R10-C05,1068
1833,SA921-A90554A-R07-C03,925
1834,SA922-A90554B-R30-C36,1701
1835,SA922-A90554B-R35-C23,1907
1836,SA921-A90554A-R05-C54,876
1837,SA922-A90554B-R25-C54,1474
1838,SA921-A90554A-R07-C55,956
1839,SA922-A90554B-R31-C03,1727
1840,SA921-A90554A-R15-C63,1348
1841,SA921-A90554A-R10-C03,1067
1842,SA922-A90554B-R29-C39,1653
1843,SA921-A90554A-R15-C23,1320
1844,SA922-A90554B-R23-C05,1356
1845,SA922-A90554B-R25-C39,1465
1846,SA922-A90554B-R27-C23,1554
1847,SA921-A90554A-R14-C23,1266
1848,SA921-A90554A-R06-C03,890
1849,SA921-A90554A-R07-C31,941
1850,SA922-A90554B-R29-C38,1652
1851,SA922-A90554B-R31-C39,1751
1852,SA1090-A96213A-R29-C06,388
1853,SA922-A90554B-R25-C15,1450
1854,SA1090-A96213A-R33-C06,583
1855,SA922-A90554B-R30-C67,1725
1856,SA922-A90554B-R33-C47,1815
1857,SA921-A90554A-R04-C31,805
1858,SA921-A90554A-R04-C39,810
1859,SA922-A90554B-R29-C23,1642
1860,SA921-A90554A-R15-C47,1337
1861,SA1090-A96213A-R30-C06,439
1862,SA921-A90554A-R12-C03,1155
1863,SA922-A90554B-R34-C15,1843
1864,SA921-A90554A-R12-C05,1156
1865,SA921-A90554A-R15-C03,1306
1866,SA922-A90554B-R23-C54,1386
1867,SA922-A90554B-R27-C39,1560
1868,SA921-A90554A-R15-C61,1347
1869,SA922-A90554B-R34-C39,1864
1870,SA922-A90554B-R35-C03,1889
1871,SA921-A90554A-R10-C15,1074
1872,SA921-A90554A-R07-C11,930
1873,SA921-A90554A-R06-C39,911
1874,SA922-A90554B-R24-C47,1438
1875,SA921-A90554A-R10-C38,1087
1876,SA1090-A96213A-R31-C06,490
1877,SA921-A90554A-R10-C63,1105
1878,SA922-A90554B-R35-C63,1936
1879,SA921-A90554A-R04-C23,798
1880,SA922-A90554B-R35-C31,1913
1881,SA1090-A96213A-R35-C06,705
1882,SA922-A90554B-R26-C15,1497
1883,SA922-A90554B-R23-C03,1355
1884,SA1090-A96213A-R34-C06,642
1885,SA922-A90554B-R30-C03,1676
1886,SA921-A90554A-R03-C39,760
1887,SA921-A90554A-R14-C31,1272
1888,SA921-A90554A-R06-C63,920
1889,SA922-A90554B-R32-C03,1774
1890,SA1090-A96213A-R25-C06,141
1891,SA922-A90554B-R30-C58,1719
1892,SA922-A90554B-R26-C39,1513
1893,SA922-A90554B-R26-C63,1534
1894,SA922-A90554B-R24-C03,1402
1895,SA921-A90554A-R03-C63,775
1896,SA921-A90554A-R13-C31,1218
1897,SA921-A90554A-R13-C54,1235
1898,SA921-A90554A-R03-C54,770
1899,SA921-A90554A-R11-C55,1143
1900,SA922-A90554B-R30-C39,1703
1901,SA921-A90554A-R07-C58,958
1902,SA1090-A96213A-R27-C06,265
1903,SA921-A90554A-R11-C03,1111
1904,SA1090-A96213A-R32-C06,537
1905,SA922-A90554B-R23-C39,1373
1906,SA921-A90554A-R09-C15,1028
1907,SA921-A90554A-R09-C47,1049
1908,SA921-A90554A-R10-C54,1097
1909,SA921-A90554A-R03-C15,745
1910,SA921-A90554A-R13-C03,1199
1911,SA921-A90554A-R05-C15,845
1912,SA921-A90554A-R15-C54,1342
1913,SA921-A90554A-R05-C46,871
1914,SA921-A90554A-R13-C63,1243
1915,SA921-A90554A-R10-C46,1091
1916,SA921-A90554A-R07-C54,955
1917,SA1090-A96213A-R20-C06,0
1918,SA922-A90554B-R28-C46,1613
1919,SA921-A90554A-R08-C54,1005
1920,SA921-A90554A-R11-C23,1123
1921,SA922-A90554B-R24-C23,1416
1922,SA921-A90554A-R12-C39,1177
1923,SA921-A90554A-R14-C46,1284
1924,SA922-A90554B-R25-C63,1480
1925,SA922-A90554B-R25-C46,1470
1926,SA922-A90554B-R28-C03,1584
1927,SA922-A90554B-R26-C23,1502
1928,SA922-A90554B-R33-C39,1810
1929,SA922-A90554B-R31-C63,1770
1930,SA922-A90554B-R23-C31,1365
1931,SA922-A90554B-R28-C39,1607
1932,SA922-A90554B-R27-C03,1541
1933,SA922-A90554B-R32-C15,1782
1934,SA921-A90554A-R14-C63,1298
1935,SA921-A90554A-R06-C15,895
1936,SA922-A90554B-R25-C23,1456
1937,SA921-A90554A-R07-C63,961
1938,SA922-A90554B-R24-C46,1437
1939,SA922-A90554B-R31-C31,1745
1940,SA922-A90554B-R30-C23,1691
1941,SA922-A90554B-R27-C31,1557
1942,SA922-A90554B-R30-C15,1685
