mutation,clone
10:100853542:T:C,1
10:10133309:G:C,2
10:101437597:G:A,1
10:102619248:C:A,2
10:10467030:G:A,1
10:106079511:G:C,10
10:10656950:G:T,1
10:107379770:C:G,2
10:107985934:C:A,10
10:108912815:C:A,13
10:109677496:T:A,1
10:109702960:G:A,3
10:10982832:G:A,2
10:111790223:G:T,4
10:11254408:G:C,2
10:114029524:A:G,10
10:11503107:A:C,2
10:117623260:C:A,2
10:118173273:T:C,4
10:118545126:C:T,7
10:119464577:G:A,3
10:11951661:A:T,2
10:119532804:A:G,5
10:121459814:T:A,0
10:122053012:G:T,14
10:122595852:G:A,2
10:122647971:C:A,5
10:123309310:C:T,2
10:123776352:C:G,8
10:125142380:G:T,0
10:125436032:A:G,1
10:125726507:G:A,2
10:12585850:G:C,2
10:126230953:C:T,7
10:129099627:G:A,1
10:129845226:C:A,2
10:130410225:C:T,10
10:130556161:A:C,14
10:131167970:G:A,1
10:132322500:T:G,9
10:132664265:C:T,0
10:132743792:A:T,7
10:133030981:T:A,1
10:133193115:T:C,1
10:133250754:C:G,2
10:133259211:C:G,2
10:133491275:G:A,2
10:133728643:G:C,5
10:13506984:G:A,1
10:135146129:T:G,7
10:13657903:G:C,7
10:1375228:C:A,1
10:13857646:C:T,10
10:15167128:T:C,2
10:15294690:C:G,12
10:15592443:T:A,10
10:15687542:T:A,14
10:16236581:A:C,1
10:16420519:G:C,11
10:17464865:G:T,10
10:17552457:G:C,10
10:17614578:T:C,1
10:18389925:T:G,4
10:18834930:A:G,2
10:18838511:G:T,4
10:19018899:T:G,2
10:19200024:C:T,11
10:19269284:C:A,2
10:19714541:G:A,1
10:19715916:A:G,7
10:20389611:A:G,1
10:20572363:C:A,1
10:2162403:T:C,8
10:21953102:A:T,11
10:22308443:A:G,2
10:22451824:G:A,1
10:22547303:G:T,1
10:2288677:A:G,2
10:23541574:C:G,1
10:23900621:G:C,1
10:24148499:A:G,2
10:24538682:G:A,2
10:24871738:A:G,1
10:25296844:G:A,14
10:25730388:C:T,1
10:25835406:C:T,13
10:25879172:G:T,1
10:26100223:A:C,1
10:2622339:G:C,1
10:26375698:G:T,3
10:26623671:T:G,0
10:26846047:A:G,1
10:2690245:C:A,12
10:27396633:G:T,8
10:28347709:A:T,2
10:2891338:C:T,14
10:29389139:C:G,2
10:31972468:G:C,2
10:33155934:C:G,11
10:33580591:C:T,7
10:34097712:C:G,1
10:34142776:G:A,2
10:34615199:C:G,3
10:35075421:G:T,1
10:35435399:C:T,13
10:35637372:T:C,1
10:3624308:C:G,1
10:36260137:A:T,1
10:3666851:A:T,4
10:37911795:T:A,1
10:38200380:G:A,2
10:44296542:T:C,2
10:51001995:G:C,1
10:5118931:T:G,2
10:5118932:A:T,2
10:52217005:T:A,10
10:52835759:C:A,2
10:53237938:C:T,4
10:53251805:T:G,0
10:53351640:G:C,2
10:54928812:G:T,14
10:55015503:G:C,1
10:5552711:G:T,10
10:55613557:G:C,2
10:55715940:C:T,2
10:55782979:C:A,2
10:55841144:G:T,2
10:56478204:T:A,2
10:57047723:T:C,0
10:57600301:A:G,7
10:58755375:G:T,2
10:58826591:T:A,1
10:59709303:T:C,2
10:6162410:C:G,3
10:61870014:A:C,2
10:62620606:C:G,14
10:63361239:C:G,3
10:64460721:C:G,13
10:64772405:C:T,1
10:65426909:T:G,2
10:66445735:G:A,2
10:67135089:G:C,7
10:68975544:C:T,10
10:69710483:C:T,9
10:71436362:C:A,2
10:72352582:G:A,5
10:72431734:C:G,2
10:75118456:G:C,2
10:76082735:A:G,2
10:7743559:G:C,1
10:77660939:T:A,4
10:78198299:G:C,1
10:78487952:T:G,2
10:79797466:G:T,6
10:80472567:G:T,0
10:81013043:A:G,2
10:82455625:C:T,1
10:82844390:C:T,1
10:8396393:T:C,2
10:84149211:T:C,13
10:85438186:G:A,9
10:85538939:T:G,14
10:8561429:C:G,1
10:86291246:C:G,2
10:87424991:C:A,11
10:87693923:C:T,4
10:87892925:G:C,0
10:88513365:T:C,1
10:88626818:A:G,2
10:9086157:A:T,1
10:91613807:G:A,1
10:9196060:C:T,2
10:92020440:G:C,2
10:92400427:A:G,1
10:93314893:C:A,9
10:93389796:G:T,4
10:95268890:T:A,2
10:9621270:A:T,2
10:9641568:G:C,1
10:9718904:C:A,7
10:97720914:G:A,4
10:97865103:G:A,1
10:98036947:G:T,2
10:98095406:G:A,5
10:98331981:G:C,1
10:99014092:T:A,6
10:99222698:A:G,7
10:9928575:T:C,2
10:99927846:C:T,14
11:100652400:A:C,1
11:102824532:T:C,1
11:104372540:T:A,1
11:106860642:T:C,2
11:107085396:A:T,4
11:107506393:C:A,1
11:109743531:A:G,1
11:110086215:A:G,1
11:111150954:C:T,10
11:114435891:T:G,2
11:11443738:T:G,1
11:114684141:C:T,11
11:115408073:A:C,14
11:115919020:G:T,1
11:118783712:C:A,2
11:119469024:A:G,1
11:123394900:A:G,13
11:125266661:G:T,2
11:127026754:C:G,1
11:127085198:T:A,1
11:127282083:G:T,11
11:127444130:C:G,10
11:130650404:G:T,4
11:130652313:G:T,10
11:130741801:C:T,1
11:131617399:G:T,1
11:131657737:C:T,1
11:131921872:C:A,1
11:132058474:G:T,2
11:133104744:A:G,1
11:133462294:G:A,11
11:133539636:C:A,0
11:133827372:C:T,1
11:134120521:A:G,0
11:134243502:G:A,8
11:134670384:C:A,2
11:14758372:G:A,11
11:16090164:C:T,1
11:16140118:C:T,10
11:16956249:C:T,1
11:17464414:G:T,8
11:17464415:C:T,8
11:17612116:G:C,1
11:18252852:C:A,10
11:18343253:T:C,2
11:18630386:G:C,4
11:19417746:G:C,4
11:19918036:C:T,1
11:21053730:C:G,11
11:21365646:C:T,1
11:22297947:G:C,1
11:2764845:G:A,2
11:27662557:C:T,2
11:28535838:C:G,1
11:28701909:A:T,1
11:29003405:T:G,2
11:35492308:G:A,1
11:42436812:C:A,2
11:4452510:G:A,2
11:45828634:C:A,1
11:58460718:G:A,1
11:61487137:C:A,9
11:62214594:C:T,1
11:62649297:G:C,1
11:65117424:A:G,2
11:65279503:A:G,3
11:66453351:C:A,1
11:69864811:G:T,10
11:7013281:A:C,1
11:70607213:G:A,2
11:75513762:G:A,0
11:76200250:G:T,0
11:76618168:A:G,1
11:78081410:A:G,2
11:79363303:C:T,1
11:79396112:G:C,2
11:79494315:T:C,7
11:79621836:G:A,14
11:79744658:T:G,2
11:82424464:C:G,1
11:83165787:T:C,1
11:84892792:G:T,1
11:85021649:G:C,12
11:85483322:G:A,1
11:85539048:T:C,1
11:86482850:G:T,7
11:87794159:G:A,1
11:89988565:G:T,1
11:90063911:G:A,2
11:90358790:C:A,1
11:90431264:C:T,1
11:90779872:A:C,1
11:91933909:G:T,1
11:92104196:G:C,1
11:92368286:C:A,1
11:92695056:T:C,14
11:92918137:G:C,1
11:94135436:C:G,2
11:95628764:T:C,1
11:95794147:G:A,1
11:95925034:G:C,1
11:96772422:T:G,2
11:96815671:A:C,1
11:9738231:T:A,4
11:98272238:A:T,2
11:99370599:C:G,2
11:99500388:T:G,1
11:99627072:A:C,2
11:99811851:T:C,3
12:101129589:G:C,1
12:102344265:C:A,1
12:102464482:T:C,1
12:102812873:A:C,1
12:102925602:G:A,11
12:103723479:A:G,1
12:104868163:A:G,0
12:105387203:C:A,4
12:107990555:C:A,2
12:108447511:G:T,1
12:108497077:T:C,2
12:108497080:T:G,2
12:108572201:G:A,2
12:1094752:T:G,14
12:110108493:C:G,1
12:110265708:T:C,1
12:111346827:C:G,3
12:11135428:C:G,7
12:11147156:C:T,4
12:113686759:G:A,7
12:114414492:G:A,1
12:115073850:C:T,7
12:116476582:A:G,3
12:116691424:A:C,5
12:11859030:C:T,11
12:11923567:G:T,10
12:122398939:C:T,5
12:124960800:G:A,2
12:125850951:A:C,14
12:125850952:G:A,11
12:12596051:C:T,14
12:12741076:C:A,5
12:127713896:G:A,2
12:127797342:T:A,1
12:128188577:A:G,11
12:128884212:A:G,10
12:129088235:A:T,1
12:129707217:G:A,14
12:130337273:G:T,1
12:130841492:G:T,1
12:130850257:A:C,7
12:130851687:A:C,4
12:130965743:A:G,4
12:131849543:G:T,2
12:132051561:A:C,2
12:132861018:G:A,10
12:133075068:C:T,1
12:133745038:C:T,9
12:15562909:T:C,3
12:15836759:G:C,1
12:16409987:G:T,10
12:18137398:C:G,0
12:18886549:T:G,2
12:18887116:A:C,2
12:20022046:G:C,2
12:20247288:T:C,4
12:20945151:A:C,1
12:21350365:A:T,2
12:21409885:T:C,14
12:23193607:C:G,2
12:23195241:C:G,2
12:23490057:C:A,5
12:24731042:G:C,1
12:24913639:C:A,7
12:2631158:C:T,1
12:26712919:T:A,1
12:29129971:C:G,3
12:29311884:C:A,8
12:29357242:C:T,2
12:29770207:C:G,2
12:30048790:C:T,3
12:30154289:A:G,1
12:30400673:C:T,11
12:323204:C:G,1
12:32355186:G:A,7
12:33434048:C:G,1
12:3374119:C:G,9
12:34457148:C:T,13
12:3653101:G:C,1
12:3775238:C:T,4
12:38910399:C:G,3
12:39396146:T:C,9
12:40350941:A:C,2
12:40359942:G:T,14
12:40432140:C:T,1
12:40865157:G:C,2
12:40923900:G:A,1
12:41253095:G:C,7
12:41345707:G:C,1
12:42043983:G:A,1
12:42386452:A:C,1
12:42499459:C:T,2
12:42620530:G:C,1
12:42751026:T:G,2
12:43262755:T:C,12
12:43404102:C:A,1
12:43928645:C:T,11
12:4398655:G:A,2
12:44106315:T:G,1
12:44812371:G:A,2
12:44913709:C:G,2
12:45254262:C:T,2
12:46012180:C:T,1
12:46332744:G:C,2
12:46560966:G:A,1
12:47264627:A:T,7
12:48410404:C:T,1
12:48737536:C:G,1
12:49172068:G:T,8
12:5005533:A:C,1
12:5019395:G:A,1
12:50571009:A:G,1
12:5198561:G:A,1
12:53115482:G:T,1
12:5343414:C:T,6
12:54385113:G:A,2
12:55321636:C:G,11
12:56142461:G:A,0
12:56944983:G:A,1
12:5731735:A:G,11
12:57575437:G:A,1
12:58384051:T:C,4
12:59025177:A:G,2
12:63464671:A:G,5
12:6597913:G:A,1
12:66407355:G:C,1
12:66652736:C:A,1
12:6698526:T:C,14
12:71440063:C:A,2
12:72489466:G:C,14
12:72527418:T:C,1
12:72654540:C:G,1
12:76854980:T:C,1
12:77135833:G:A,8
12:78010767:G:T,10
12:79317943:G:C,2
12:80566269:T:A,2
12:81026024:A:G,4
12:82710494:T:A,1
12:83086888:C:T,1
12:83950757:G:A,2
12:84058365:T:C,2
12:84339153:T:G,2
12:85140674:A:C,1
12:85452881:C:T,1
12:85472646:G:C,2
12:85829191:C:G,1
12:86098580:G:A,1
12:8671266:C:G,6
12:86785786:G:A,1
12:8754234:C:T,14
12:87662124:G:C,2
12:88054635:C:A,0
12:90762791:T:C,7
12:90941040:A:G,1
12:91594211:G:A,11
12:92119588:T:C,9
12:9269397:G:C,1
12:92945081:G:A,2
12:93440225:C:T,1
12:9360673:A:T,2
12:93725221:T:C,0
12:9406020:G:A,2
12:9406042:T:G,2
12:94192673:A:C,0
12:95585042:G:A,2
12:97580625:G:T,2
12:98184226:T:A,9
12:98943886:A:T,2
12:9918237:T:A,2
12:99447740:A:T,2
13:101867263:G:T,4
13:102064983:G:A,11
13:102112514:C:T,1
13:102167761:G:C,2
13:102174909:T:C,2
13:102422880:G:C,1
13:102515666:G:C,1
13:102895996:T:C,2
13:103125212:C:A,1
13:103937116:A:G,2
13:105570370:C:A,1
13:105971828:A:G,4
13:106078446:C:A,1
13:106456858:C:T,2
13:106494140:A:C,14
13:106654716:C:A,2
13:106948643:C:T,1
13:107317351:T:C,2
13:107657134:A:T,1
13:108278417:A:G,1
13:108295775:A:C,11
13:108398425:C:G,1
13:108865335:G:T,1
13:109270915:C:G,1
13:110054740:C:A,2
13:110261358:C:T,2
13:110926844:A:C,1
13:111019569:A:T,1
13:111025778:T:G,2
13:111271524:A:G,1
13:111667989:A:T,1
13:112740868:G:C,1
13:112741144:C:T,2
13:112803953:G:A,2
13:112999015:G:A,4
13:113100796:C:T,1
13:113575723:C:A,1
13:114058184:G:A,0
13:22775179:T:A,2
13:23927206:G:C,1
13:26564814:G:A,0
13:27344423:G:C,8
13:27393199:G:A,2
13:28858131:G:T,2
13:28938724:C:A,2
13:29896610:G:A,1
13:32833878:A:G,8
13:32963353:C:A,8
13:33134790:A:C,1
13:34691226:T:A,1
13:34721556:A:G,1
13:35731201:T:A,1
13:38170381:T:G,1
13:41094146:T:A,2
13:44513725:C:T,1
13:44740376:T:G,1
13:44897603:T:A,1
13:46780828:G:C,1
13:47598374:G:A,1
13:48068247:A:G,2
13:48373744:G:A,2
13:49116063:G:C,2
13:52487460:C:T,8
13:53917294:A:G,9
13:57876476:A:T,2
13:58209920:T:C,1
13:59542352:A:G,4
13:60834604:C:A,1
13:64555765:G:A,1
13:66335103:A:T,10
13:66779379:G:A,10
13:67523625:T:C,2
13:67787888:C:G,2
13:68666579:G:A,2
13:69232597:A:T,1
13:71108728:T:G,1
13:71698611:C:G,1
13:72147107:T:G,8
13:72147148:T:A,8
13:73478293:T:G,1
13:73478435:T:G,2
13:73834049:G:A,1
13:74292092:T:C,0
13:74336451:G:A,1
13:76707833:G:T,1
13:81212429:G:C,2
13:82195443:G:A,2
13:82480298:T:G,1
13:82941904:C:T,1
13:83074727:A:G,1
13:83148305:G:T,2
13:85171320:C:T,1
13:85332332:A:C,12
13:85964943:A:G,10
13:86195021:T:C,2
13:86320967:C:G,9
13:86322915:A:G,4
13:87009731:G:C,2
13:87457996:C:T,14
13:87819629:C:G,1
13:87964818:A:G,1
13:88271753:C:T,1
13:88359536:G:C,1
13:88558761:A:T,1
13:89519958:G:C,1
13:89797034:T:A,1
13:90754155:T:A,1
13:90786351:C:G,2
13:90786770:C:A,1
13:91187399:G:C,2
13:91235699:C:G,2
13:91376142:G:T,2
13:92395158:T:G,1
13:92695779:A:G,1
13:93147512:C:T,2
13:93803458:C:T,2
13:94000031:A:T,1
13:94709399:T:C,2
13:95368602:C:G,12
13:96502713:G:C,1
13:96612908:A:C,1
13:97055456:T:C,1
13:97140854:C:T,2
13:98349194:G:C,4
13:98858724:C:T,1
13:99106337:A:G,1
13:99408298:T:G,9
13:99506256:G:A,1
13:99630492:G:A,6
13:99931720:T:A,12
14:100113767:G:A,1
14:101331636:C:T,8
14:104763813:T:G,10
14:104794114:C:T,4
14:105084923:G:C,11
14:106874915:G:C,13
14:22236232:A:C,2
14:22669994:G:A,1
14:23345626:T:C,3
14:24244227:G:C,2
14:24568362:T:G,8
14:25405087:G:T,3
14:26015661:T:A,4
14:26230494:T:C,2
14:26844927:G:A,2
14:26924989:A:G,2
14:27087590:G:C,13
14:27440782:A:G,11
14:27674074:C:T,1
14:29280106:G:A,2
14:29337553:C:G,7
14:30641827:G:A,1
14:31569142:C:T,1
14:32869969:A:C,9
14:34236611:A:C,2
14:34325091:G:C,1
14:37301596:A:C,1
14:38560408:A:G,1
14:40319828:T:G,2
14:40495219:G:A,14
14:40727820:A:G,1
14:40733234:G:A,2
14:42946637:G:T,11
14:43869323:T:A,1
14:45313845:C:T,2
14:47606886:T:A,11
14:47620579:A:T,4
14:48463759:G:C,2
14:49134081:G:A,7
14:53469494:C:T,11
14:54133347:C:A,2
14:55031355:A:T,2
14:55042834:T:C,2
14:55218581:G:T,1
14:55924734:C:G,2
14:57617181:G:T,8
14:59476199:G:A,0
14:60915977:A:G,1
14:62008082:G:A,0
14:63095205:C:T,3
14:66118072:A:G,0
14:66267303:C:T,7
14:67582530:G:A,2
14:68949024:C:A,0
14:69112749:C:G,2
14:69795044:C:G,10
14:70172857:A:T,1
14:72412717:C:G,7
14:73929184:G:A,1
14:76808820:A:G,5
14:78693993:G:T,1
14:78927031:C:T,1
14:79263214:G:A,2
14:79865561:A:C,1
14:80274047:C:A,0
14:80804827:G:T,1
14:80912426:A:T,1
14:82834118:C:A,13
14:83722520:C:G,2
14:84946167:C:T,2
14:85363413:T:A,11
14:86093267:A:T,10
14:86520286:T:C,2
14:86908280:C:T,1
14:86949715:T:C,1
14:86957032:T:A,7
14:87124809:A:C,1
14:87613910:C:G,8
14:87789439:G:T,8
14:88583088:A:C,0
14:88771013:G:C,3
14:89732966:T:G,2
14:90049101:C:G,9
14:91253579:G:A,2
14:92236810:C:G,2
14:95700389:G:T,5
14:96216637:G:C,11
14:97501803:G:C,1
14:98891721:C:A,0
14:99073021:A:G,2
14:99259668:C:A,2
14:99985836:G:C,14
15:25054133:G:T,2
15:25799079:G:T,1
15:26679840:C:T,2
15:26787472:G:A,0
15:27628726:C:T,7
15:29131280:G:A,1
15:29260263:C:G,4
15:29787227:T:C,1
15:29826174:C:A,13
15:31786884:C:T,11
15:33446887:G:C,2
15:34075497:T:C,1
15:34330950:G:T,2
15:36951242:T:C,9
15:37444488:T:G,13
15:39405595:A:T,2
15:45958233:C:A,10
15:48083721:A:C,1
15:48459603:A:G,1
15:49072397:C:T,2
15:49262030:G:C,5
15:50333627:G:C,3
15:51157362:T:C,2
15:52533120:T:C,4
15:53513665:G:C,11
15:54121777:G:T,4
15:54143908:T:A,14
15:54604429:T:G,5
15:55048404:A:T,1
15:55967899:T:G,9
15:60422575:C:G,2
15:61285209:G:C,7
15:63165902:C:T,0
15:63398548:G:C,1
15:68923385:C:T,2
15:69567787:C:G,2
15:70332821:T:C,2
15:71192734:C:G,3
15:71373971:C:A,1
15:71412659:G:A,4
15:72230515:A:G,5
15:73535257:A:G,10
15:74215089:T:A,11
15:74302932:A:G,1
15:74983589:C:A,5
15:77157848:G:A,4
15:77611163:C:T,2
15:80014937:A:G,14
15:80892541:G:T,1
15:81162407:G:A,1
15:83296773:G:A,11
15:84478648:G:C,4
15:87332827:G:A,2
15:87658498:G:A,1
15:87817688:G:A,14
15:88414205:A:G,1
15:88912197:C:T,2
15:89287426:A:G,7
15:89738388:T:C,12
15:90097162:G:A,14
15:92368910:T:C,2
15:92730198:G:C,3
15:93168509:G:C,11
15:94034153:C:A,8
15:94042613:G:C,2
15:94516698:A:T,4
15:95163217:G:C,5
15:95406429:G:T,2
15:95683111:C:T,7
15:96595434:T:C,1
15:97007721:A:T,11
15:97832968:C:G,2
15:98030159:G:C,2
15:98160762:G:T,1
15:98609821:A:T,1
15:99104608:T:C,11
16:11254407:C:A,0
16:11565871:G:C,2
16:12189578:T:G,11
16:12194797:A:G,3
16:14557288:C:G,11
16:15730367:C:T,7
16:16171409:G:T,8
16:16269987:C:G,7
16:17426945:A:T,1
16:18083321:G:T,8
16:18088387:G:A,2
16:21289126:G:C,1
16:22916301:T:G,11
16:23877585:T:C,5
16:23951841:G:T,1
16:23953837:G:A,2
16:24283207:T:C,1
16:25258943:A:T,1
16:25937290:T:C,2
16:26146067:C:A,1
16:26233424:C:G,2
16:26773951:G:A,1
16:27091819:G:T,1
16:29942037:G:C,4
16:31372428:T:C,1
16:31467325:C:T,1
16:31727310:G:C,11
16:34545047:T:G,1
16:34699226:A:C,2
16:3485432:C:A,1
16:3683687:C:G,2
16:48850649:A:T,2
16:48850654:A:C,2
16:50617655:G:C,0
16:50949391:A:T,14
16:51449558:G:C,2
16:51497145:C:T,1
16:51607390:C:T,1
16:52489547:T:A,7
16:52823034:A:T,1
16:53678275:A:G,0
16:54070711:A:C,1
16:54147395:C:A,0
16:54309916:A:G,2
16:54849453:G:A,11
16:54929592:G:A,0
16:54997049:G:T,11
16:55356974:G:A,2
16:55387207:C:T,11
16:56053898:G:T,8
16:57680570:T:C,2
16:5825793:C:A,1
16:58455446:T:C,1
16:59427615:G:C,11
16:59527075:C:A,1
16:5954265:T:C,1
16:61608022:C:T,11
16:6166753:G:A,2
16:62070063:G:T,7
16:62545207:A:G,2
16:62599094:T:G,1
16:62692858:G:C,1
16:62977976:C:G,12
16:6338944:C:A,1
16:63446983:G:T,2
16:63890177:C:A,1
16:6480802:C:T,1
16:65249735:G:A,1
16:6579958:G:C,1
16:66082356:C:G,4
16:66943218:T:G,8
16:6700346:C:A,1
16:67077763:C:T,5
16:68308701:G:C,0
16:6876550:C:T,1
16:69149960:T:C,5
16:69432187:A:T,2
16:6953172:G:C,1
16:7126432:G:A,2
16:7169462:C:G,1
16:72321117:G:T,9
16:72958912:G:C,2
16:73033985:A:G,5
16:7303689:G:T,2
16:73276975:A:G,2
16:73323525:C:T,1
16:73567997:A:G,3
16:74292732:G:A,1
16:7489156:T:A,1
16:75240356:G:A,1
16:75952588:C:G,1
16:76341102:T:C,1
16:7634969:T:A,11
16:76372899:G:C,2
16:76398479:G:A,1
16:77846502:T:G,1
16:78146153:G:A,1
16:78237483:C:T,3
16:7887410:T:G,11
16:79109006:C:G,1
16:79784732:A:C,4
16:79963039:T:C,6
16:8000763:C:G,3
16:80103569:G:A,2
16:80513458:T:A,2
16:82914391:A:T,1
16:83059527:C:A,2
16:83135870:G:T,2
16:83150691:A:T,10
16:83490130:G:C,1
16:83499273:T:A,5
16:83705788:C:G,7
16:83827020:C:T,2
16:83843441:C:G,2
16:83873123:G:A,2
16:84546970:C:G,3
16:8486414:A:C,11
16:85624154:C:T,6
16:85658294:G:A,5
16:86359157:G:A,2
16:86623573:G:C,2
16:86692152:G:C,2
16:88354467:C:A,6
16:89127614:G:A,7
16:9490103:C:T,7
16:9757720:G:A,0
17:10674164:G:C,7
17:10751034:A:G,2
17:11137931:G:T,11
17:11204734:C:G,4
17:11311400:C:G,1
17:11720045:G:C,2
17:1225480:C:A,1
17:12290237:C:T,2
17:12291792:A:C,6
17:12334787:T:G,1
17:14822684:A:G,3
17:15418239:G:T,2
17:17381586:G:A,1
17:17441563:G:C,2
17:17480329:C:T,1
17:17586533:C:G,2
17:18852152:A:T,1
17:19947329:G:A,2
17:22203083:G:A,1
17:2552057:A:T,7
17:2630503:T:C,2
17:26834402:C:A,1
17:27824038:C:G,4
17:2799277:G:A,2
17:30676221:C:T,2
17:3215716:C:G,3
17:35194731:A:G,4
17:35218932:G:T,7
17:36812225:A:C,1
17:38145275:G:A,6
17:41526450:C:T,2
17:42549436:G:A,11
17:43267845:T:A,2
17:46312647:G:T,2
17:46954897:C:T,4
17:47929011:G:A,1
17:48020730:A:C,1
17:49727411:C:T,1
17:50290490:C:G,1
17:50428449:A:G,1
17:50470293:C:G,7
17:50726905:C:T,1
17:50908442:G:C,4
17:51661999:T:C,14
17:51664438:A:C,2
17:51725617:C:A,1
17:51940523:C:T,2
17:51984599:G:C,2
17:52577039:C:A,0
17:52675556:G:A,1
17:52906729:C:G,2
17:53319452:G:C,7
17:54543243:A:G,4
17:54656638:G:A,7
17:5516377:G:A,3
17:56282048:C:A,1
17:56769697:G:C,2
17:58411620:T:C,1
17:58585755:A:T,12
17:60208163:C:T,2
17:60765751:C:T,1
17:6159176:G:A,1
17:62041789:G:C,2
17:62550280:A:G,2
17:64274190:C:T,6
17:64876329:G:T,7
17:67022144:G:C,2
17:68094954:G:T,2
17:71460799:C:A,7
17:71751908:C:T,1
17:72325:A:G,10
17:73422306:G:C,1
17:73787866:C:T,2
17:74138342:A:G,2
17:7605865:C:T,7
17:76195320:C:G,14
17:76788071:G:C,2
17:77137027:C:G,2
17:77164227:G:A,2
17:7855355:C:G,2
17:7855453:C:A,11
17:7855511:C:A,11
17:78894029:A:G,1
17:80034570:C:T,7
17:8605304:C:G,14
17:959675:C:G,1
18:10156773:T:C,1
18:10419910:G:A,4
18:1053531:T:C,1
18:10696479:A:G,3
18:10753812:A:G,9
18:11183640:T:C,0
18:11384112:C:T,2
18:13442799:C:A,4
18:1345472:T:C,7
18:13510814:C:G,3
18:1886969:G:A,1
18:2023093:C:T,11
18:20402229:T:C,12
18:20820365:C:G,9
18:21884553:T:C,7
18:2240542:G:A,10
18:22632712:G:A,11
18:22693408:C:G,4
18:22996057:G:T,11
18:23313588:G:A,0
18:24661978:A:T,3
18:24784218:G:C,11
18:25379777:G:A,2
18:25511913:G:C,1
18:25984605:C:T,11
18:30219998:C:G,2
18:3081492:A:G,1
18:30991884:C:A,2
18:31401393:G:C,12
18:3324534:A:G,9
18:34244235:G:C,2
18:34272565:C:T,2
18:34282567:G:A,11
18:36155827:G:C,2
18:36217443:C:T,2
18:37787609:C:G,9
18:38155756:G:C,1
18:38367610:C:T,3
18:3877837:C:G,11
18:38832528:T:C,2
18:39325585:G:T,1
18:39412047:G:T,13
18:39840447:T:C,2
18:40928233:T:C,10
18:41396811:T:A,7
18:41402615:A:G,1
18:41656519:C:A,4
18:42097703:A:G,8
18:43350257:C:T,1
18:4355403:A:G,4
18:43996497:T:A,2
18:4435522:T:A,9
18:44762213:A:G,1
18:44904482:G:A,11
18:45703932:G:C,2
18:48099190:C:A,0
18:48388852:G:A,2
18:48870442:C:A,2
18:4908502:T:C,11
18:4926181:G:A,1
18:49790396:C:T,2
18:49879869:G:A,11
18:50400630:T:C,4
18:50554178:G:A,1
18:5105919:A:G,2
18:51810596:C:G,3
18:52022796:G:A,2
18:52375679:G:C,1
18:523776:G:A,9
18:52726401:G:A,4
18:52755342:A:T,3
18:5463816:T:C,11
18:54793719:C:G,7
18:56058060:C:A,4
18:56222585:C:A,10
18:56960181:C:A,2
18:58813900:A:G,2
18:58954855:G:T,4
18:59047633:A:C,2
18:59955578:C:A,4
18:60395106:T:A,1
18:61483523:C:A,9
18:61633117:A:G,6
18:62378079:T:G,10
18:63025367:C:G,2
18:66655460:A:G,2
18:67018799:G:A,14
18:67220520:C:G,1
18:67360703:C:T,2
18:6736146:A:G,10
18:67414279:T:C,11
18:68290311:G:A,1
18:68329959:C:A,2
18:69391646:A:T,1
18:71582779:T:G,0
18:71636917:G:C,4
18:71815595:C:G,3
18:72461337:G:T,2
18:73743984:G:T,1
18:75574593:C:T,1
18:75609806:G:A,0
18:76163718:C:T,11
18:7626062:C:G,3
18:76666403:G:A,2
18:7846198:C:T,11
18:7898047:C:A,8
18:7977564:A:T,1
18:8145072:C:G,3
18:8275988:G:A,3
18:9450024:C:A,2
19:10102670:G:A,8
19:10443347:C:T,4
19:11076411:A:G,14
19:11093612:G:T,11
19:11095096:G:C,2
19:12454292:T:A,7
19:1267390:A:T,1
19:13008156:T:C,8
19:15935666:A:G,11
19:16018435:C:G,11
19:16045889:G:T,11
19:18123890:C:T,1
19:18431932:G:C,2
19:19744614:C:T,2
19:21562399:C:G,14
19:22019021:C:T,10
19:28257166:A:G,3
19:28284370:C:T,8
19:28623828:G:C,1
19:29081544:G:C,0
19:29283030:T:C,2
19:29318858:T:C,10
19:29830010:T:G,9
19:30626278:G:C,4
19:31104444:A:G,1
19:31144333:G:A,2
19:31658381:G:C,2
19:31775872:C:T,11
19:31889546:A:G,1
19:32042746:G:C,1
19:32597307:T:C,3
19:32769565:A:C,14
19:32808096:A:G,13
19:32840801:C:G,1
19:35181400:G:C,1
19:35277018:G:T,1
19:37040066:C:G,10
19:37428068:G:C,11
19:37879281:G:T,13
19:37945847:G:T,0
19:38035919:A:G,14
19:40341643:T:C,4
19:42392129:C:G,9
19:43904965:A:G,1
19:44258523:G:C,12
19:45621943:T:A,1
19:47156147:G:A,4
19:47224612:T:C,2
19:47610879:C:G,7
19:4826948:A:G,1
19:48764569:G:C,4
19:49143030:C:G,2
19:49610268:C:T,1
19:49794104:C:G,10
19:51614189:A:C,4
19:52021006:G:A,11
19:592657:G:A,14
19:8058466:C:A,2
19:9441236:C:T,2
1:101745778:G:A,8
1:103063153:A:C,3
1:103099759:T:G,1
1:103129909:C:T,4
1:104674634:C:T,2
1:104733725:C:G,10
1:105402390:C:G,11
1:106115715:G:A,3
1:106790182:A:C,1
1:107331280:T:G,2
1:107361907:G:A,2
1:10784549:G:C,1
1:107850346:C:T,1
1:108417380:T:C,1
1:110646164:G:A,2
1:110679858:T:C,3
1:111069436:G:T,1
1:111105723:G:A,1
1:111127837:C:A,9
1:111729923:G:A,2
1:114699328:A:T,2
1:115083237:C:T,6
1:115394194:A:G,2
1:115597907:C:G,11
1:115934161:C:T,4
1:116333107:G:C,11
1:116333124:G:T,2
1:118939340:G:A,9
1:146969346:C:G,2
1:150391822:C:T,2
1:150533512:G:A,1
1:151219179:G:A,7
1:152085743:G:A,2
1:153221701:A:G,2
1:153245152:T:C,2
1:153902225:C:G,9
1:154372558:C:T,1
1:154924086:C:T,4
1:156471258:C:G,14
1:156916058:C:G,1
1:157012334:C:G,1
1:158374771:T:C,1
1:158428388:A:C,7
1:158454708:G:T,5
1:159438063:A:T,11
1:159443738:A:C,2
1:159673820:C:T,1
1:159889765:G:C,2
1:159890569:C:T,1
1:160583929:A:G,1
1:161982088:A:G,2
1:162562848:G:C,2
1:163428513:T:G,1
1:163496752:T:A,2
1:163504104:C:A,1
1:163533124:C:G,12
1:163886880:C:G,5
1:163946339:T:C,2
1:164149900:A:G,4
1:165081580:G:C,1
1:165619954:C:T,2
1:165725698:T:C,2
1:166020583:G:T,1
1:166174453:C:T,1
1:166298003:C:G,2
1:168248000:C:A,2
1:168363936:T:C,1
1:168702627:C:G,2
1:170196536:C:T,2
1:170938054:T:C,0
1:172461339:G:A,2
1:173205255:C:G,7
1:173520297:T:C,0
1:173772704:T:A,14
1:174507210:C:A,2
1:175336982:A:G,2
1:175754208:T:G,11
1:176287685:G:A,10
1:176752011:G:C,4
1:178489107:G:C,1
1:17877613:C:G,5
1:179523847:C:G,11
1:181279585:G:C,1
1:181407518:T:C,14
1:18221540:G:A,1
1:18258251:C:G,1
1:184001646:C:T,1
1:185210947:G:A,2
1:185343093:C:T,7
1:186263533:C:G,14
1:18630958:A:G,0
1:188466326:G:T,1
1:18858068:C:G,1
1:188902837:C:G,2
1:189052578:A:C,11
1:189123478:G:T,1
1:189154867:T:C,2
1:189818797:G:C,10
1:190108881:C:T,7
1:190161342:G:C,11
1:191108899:G:C,14
1:191448047:T:A,2
1:191488228:G:A,3
1:191496023:T:C,2
1:191533790:C:T,10
1:191907906:T:C,14
1:193486337:C:G,2
1:193893380:G:A,2
1:194011201:T:C,9
1:194319733:G:T,14
1:194714332:C:A,5
1:194961513:G:A,1
1:195220284:G:A,1
1:195856398:T:C,4
1:196244350:T:C,4
1:197028903:C:G,9
1:198894004:C:G,2
1:199029153:A:G,11
1:199554589:C:G,1
1:200150237:C:A,9
1:201287535:G:C,11
1:203311989:G:A,12
1:204176597:C:T,2
1:20453696:C:A,10
1:204743175:C:G,2
1:204924675:G:C,1
1:206930551:C:A,2
1:20711457:C:T,1
1:207475534:C:G,1
1:208458595:C:G,10
1:208581942:A:G,2
1:208611172:C:A,3
1:209068196:A:G,14
1:209382684:C:T,2
1:209856744:G:C,2
1:209988822:T:G,2
1:210023452:G:C,14
1:210116181:C:G,1
1:210192924:T:C,2
1:210740588:C:G,2
1:210845752:C:T,9
1:212334751:A:G,0
1:212762568:A:T,2
1:213565481:A:G,6
1:214307158:G:A,2
1:214504838:G:A,5
1:214567612:G:C,13
1:216754649:T:C,1
1:217763123:A:C,10
1:218058783:C:A,2
1:218809829:G:A,4
1:218818852:T:C,2
1:219715091:C:T,2
1:219737287:C:G,1
1:220868088:T:C,1
1:221486066:G:T,11
1:221600690:G:A,13
1:223363373:G:T,2
1:225471471:A:G,14
1:226012705:C:G,12
1:226834665:C:T,1
1:228785868:C:G,2
1:228947767:G:C,2
1:229218936:G:A,11
1:229792937:G:C,3
1:229850071:A:G,1
1:230007942:A:C,2
1:230594240:G:C,9
1:230715225:T:C,11
1:231007629:C:A,2
1:231307466:G:C,2
1:232296147:G:A,2
1:232490470:T:A,2
1:232758868:C:A,14
1:232790053:A:G,2
1:233752424:C:T,2
1:233865866:C:A,4
1:234790879:C:T,2
1:234908507:G:T,7
1:236823606:C:G,2
1:237230348:C:G,2
1:237931910:G:A,4
1:237939669:C:T,2
1:238300159:G:A,2
1:23852302:T:C,8
1:238555377:G:A,9
1:238877476:C:A,1
1:239186459:G:C,2
1:239499174:T:C,0
1:239509753:A:G,2
1:239564310:C:A,9
1:239836320:C:T,11
1:240281829:C:A,1
1:240501693:C:G,2
1:240656139:G:A,7
1:240679801:G:T,11
1:240939460:C:T,1
1:241478140:T:G,3
1:241479813:G:C,1
1:241580374:A:G,2
1:241864582:A:G,10
1:242017867:C:T,3
1:244069820:G:T,2
1:244328106:C:T,8
1:245436798:C:G,5
1:245463209:G:A,11
1:245585469:G:A,2
1:246034140:C:T,12
1:24619610:G:A,1
1:246340610:T:A,5
1:248576534:G:T,14
1:26080675:C:T,2
1:26155974:C:T,1
1:26697102:C:G,1
1:2966375:T:C,8
1:2966381:T:C,8
1:30557131:G:C,4
1:30685052:A:G,11
1:31565719:C:A,1
1:32446802:G:A,1
1:32542318:A:G,5
1:33246069:C:G,10
1:35049009:C:T,2
1:35733021:T:C,1
1:35744739:G:A,4
1:35845775:C:T,4
1:37173062:T:A,3
1:38521470:C:T,3
1:38605428:G:C,2
1:38733978:G:A,9
1:38755177:C:A,3
1:39551837:G:C,2
1:40116655:C:T,2
1:40251316:C:T,4
1:41293337:T:A,1
1:42600451:C:T,4
1:44414620:A:C,0
1:44414627:C:G,0
1:44414634:A:C,0
1:44417291:G:A,1
1:45575536:T:C,4
1:46371528:A:C,1
1:46769868:C:G,1
1:46932892:G:A,4
1:48076359:A:G,1
1:48366935:G:C,1
1:48480228:A:G,2
1:50420762:G:A,1
1:50558152:G:C,1
1:50566295:G:A,2
1:52302374:T:C,14
1:53067748:A:G,7
1:53110879:A:G,2
1:53579273:G:A,1
1:53682182:C:T,14
1:54423603:A:G,5
1:55419794:G:C,4
1:58002354:A:C,1
1:58041444:C:G,2
1:58278635:C:G,2
1:60141264:G:A,1
1:60936605:A:T,2
1:61597130:A:G,10
1:61597135:A:G,10
1:61611765:G:A,2
1:62099048:G:C,2
1:62145940:C:T,0
1:62756070:G:T,1
1:65867826:C:T,7
1:65950055:A:G,11
1:66671810:C:G,2
1:66708535:G:C,1
1:66753955:C:G,8
1:66797207:A:T,1
1:67963922:G:C,1
1:68061658:G:C,7
1:68128407:A:C,1
1:68423375:C:A,2
1:68979216:A:G,1
1:69214602:G:T,7
1:69251149:C:G,12
1:69296410:G:T,13
1:69862851:G:C,2
1:70044953:C:G,3
1:70314372:C:A,4
1:70332478:A:C,2
1:70479848:G:A,1
1:71279315:G:C,11
1:71362895:C:G,1
1:72047763:A:G,14
1:72196233:G:T,2
1:72207880:G:A,2
1:72310731:T:A,1
1:72494499:A:T,2
1:72867843:C:G,1
1:73237151:T:A,1
1:73377624:C:A,2
1:73491400:T:A,2
1:73642373:G:C,1
1:73840976:T:G,2
1:74352289:A:T,2
1:74576485:C:A,3
1:74673514:G:A,2
1:75090295:C:G,10
1:75172634:G:T,1
1:75613355:T:A,14
1:75625196:C:T,1
1:75702388:C:A,2
1:76227305:T:G,1
1:76784342:G:A,10
1:77185165:C:G,1
1:77471519:G:C,11
1:77582373:G:C,13
1:78752152:T:C,9
1:79178646:C:G,11
1:79330786:T:G,1
1:79406670:T:A,2
1:79943843:A:G,1
1:81046885:G:A,2
1:81310905:G:A,4
1:81384477:G:C,2
1:81834886:A:G,2
1:81903523:T:C,2
1:81943216:G:A,7
1:82013828:C:T,1
1:82217987:A:G,14
1:82588853:C:T,7
1:82834941:C:G,11
1:83968912:G:T,1
1:84562023:T:C,8
1:84730847:A:C,2
1:85301579:C:A,4
1:85791047:C:T,1
1:85998626:C:A,1
1:86608443:G:A,2
1:87371537:G:C,3
1:87741533:T:C,1
1:88114938:G:A,9
1:88229559:A:C,1
1:89834073:T:C,14
1:90326913:A:G,1
1:90371134:G:C,14
1:90380160:G:A,2
1:91192453:C:T,2
1:91904614:A:C,10
1:92106374:T:C,3
1:93429737:G:C,3
1:93474218:G:A,14
1:93533641:C:G,2
1:94084984:T:C,0
1:94093228:A:G,2
1:95021889:C:A,8
1:95088831:T:C,12
1:95109507:C:T,14
1:95261826:C:T,10
1:96328856:C:A,2
1:97368663:G:C,2
1:97733219:C:G,1
1:97765902:A:G,1
1:97921897:C:A,2
1:97970911:T:C,7
1:98308087:T:A,14
1:98452560:C:G,2
1:98551350:A:T,2
1:98631876:G:C,2
1:99477593:G:C,2
20:10070459:A:C,2
20:10117550:A:G,1
20:10290422:C:G,2
20:1065850:C:T,2
20:11367635:C:G,2
20:11877525:G:A,11
20:11996301:C:A,13
20:12280870:T:C,3
20:12774564:C:T,10
20:13853430:A:G,11
20:14520946:T:C,1
20:15106360:T:A,4
20:15369103:T:A,7
20:15628910:T:C,1
20:15745993:C:A,3
20:15977676:C:T,1
20:16155495:G:A,9
20:16210181:G:A,1
20:16415350:C:G,2
20:16518096:G:A,1
20:16993976:C:T,7
20:16998231:A:G,1
20:17285898:G:C,12
20:17326191:A:G,2
20:17356352:G:A,1
20:18445707:A:G,11
20:18593667:C:G,2
20:1880554:C:G,1
20:20550949:C:G,1
20:20600398:T:C,2
20:20738383:C:T,2
20:20959849:C:T,1
20:21527633:T:C,2
20:2170135:A:C,2
20:21847416:A:C,2
20:2202053:C:G,1
20:22083888:A:T,2
20:22307721:C:A,2
20:22469044:T:C,2
20:22533232:A:T,2
20:22612154:T:C,14
20:22745972:G:T,2
20:22809884:A:C,9
20:23072576:G:A,1
20:23507530:A:C,2
20:24081485:C:T,12
20:24083004:A:G,2
20:24292402:G:C,7
20:24449628:G:A,5
20:24514051:A:G,1
20:24565432:C:A,2
20:25502378:G:A,4
20:25720778:C:G,10
20:2724063:G:T,4
20:2818995:G:A,1
20:29998291:G:A,2
20:306496:T:G,2
20:30940531:T:C,2
20:31175203:C:T,9
20:31473072:G:T,1
20:3197995:G:C,11
20:32734474:T:C,1
20:33028605:C:A,2
20:33721887:C:A,10
20:35653356:C:T,1
20:3612240:G:A,2
20:36260307:A:T,5
20:36272098:G:T,2
20:36784380:G:C,2
20:37166439:C:T,1
20:38085703:T:G,8
20:38291610:C:T,9
20:38496770:A:C,3
20:38719098:C:T,1
20:38957547:C:G,11
20:39318815:A:T,1
20:39469390:G:A,8
20:39536666:G:A,1
20:39671669:G:C,2
20:39710556:C:T,2
20:40296589:T:C,2
20:40332368:T:G,4
20:40455822:C:G,9
20:40525723:G:A,14
20:40653439:C:G,7
20:4067326:G:C,7
20:41342355:A:T,14
20:41388261:A:T,9
20:41478586:C:A,13
20:42473721:C:G,2
20:42837590:C:G,1
20:4306317:C:G,2
20:43135678:T:C,1
20:44496043:A:G,3
20:44798854:A:G,9
20:45187992:A:G,7
20:46639670:T:C,1
20:46760634:G:C,1
20:46961634:G:C,11
20:47063371:C:A,13
20:50481032:A:G,1
20:51229605:G:T,1
20:51295479:G:A,2
20:51394220:A:G,1
20:51611866:G:C,12
20:51821708:A:C,1
20:5224860:C:T,0
20:52321794:C:T,2
20:52444591:T:C,14
20:5348748:A:C,3
20:53710688:T:G,14
20:54410408:G:T,1
20:54674280:G:A,2
20:54812713:T:C,2
20:55484282:G:C,7
20:55669181:G:C,2
20:56564461:T:C,2
20:5794430:A:C,2
20:58906937:C:T,4
20:59362390:A:G,2
20:59723442:C:A,1
20:5976631:C:A,7
20:60083250:A:T,4
20:60252214:G:A,4
20:60322937:G:C,9
20:60680386:C:T,10
20:61512957:C:T,3
20:61597943:T:C,2
20:61639760:G:A,4
20:61720374:C:G,5
20:61762148:C:T,1
20:63936:C:T,2
20:6759469:G:A,9
20:7024590:G:C,11
20:7369973:C:A,10
20:7824695:G:C,2
20:7927583:G:C,1
20:8296352:G:T,2
20:920264:A:T,2
20:9842385:C:G,4
20:986794:G:T,7
21:15777743:G:T,3
21:16448792:A:G,7
21:16508303:A:G,4
21:16728577:G:C,11
21:16933540:G:T,2
21:17035109:T:A,4
21:17125981:G:C,2
21:17914064:C:T,12
21:18477540:C:A,9
21:19743653:C:G,2
21:19915273:T:C,1
21:20277662:C:T,2
21:20455943:T:A,1
21:20774226:C:A,3
21:21135953:T:C,2
21:22182871:G:T,1
21:22533928:A:G,7
21:22678830:G:C,0
21:22703505:A:G,10
21:23009768:G:A,3
21:23354400:A:G,14
21:26123858:C:G,2
21:26345192:A:T,11
21:26445324:A:C,8
21:26448988:C:T,12
21:26523099:A:G,2
21:28326235:G:C,2
21:28933884:A:G,3
21:31131913:G:C,2
21:31223988:G:C,2
21:31228075:A:G,7
21:31822804:T:C,2
21:32025173:G:A,1
21:32326428:C:A,11
21:32349025:G:T,11
21:32439843:G:C,2
21:33713397:G:A,4
21:34657676:G:T,6
21:35012748:T:G,4
21:35310984:T:C,2
21:35559761:G:C,2
21:37331191:T:A,3
21:38370416:A:G,8
21:39146274:C:G,14
21:39208023:T:C,2
21:39641760:C:G,2
21:39750969:G:A,7
21:39860421:G:T,12
21:39954444:G:C,7
21:42261398:G:A,11
21:42440587:G:C,11
21:42483978:G:T,4
21:43912287:T:C,2
21:45913780:C:T,14
21:47130868:T:A,0
22:17490997:A:G,2
22:19906481:G:C,8
22:22272834:T:C,5
22:26527902:C:A,7
22:27226688:C:G,2
22:27361026:C:G,7
22:27400248:G:C,7
22:28665812:G:C,7
22:30274812:C:T,1
22:30693622:A:G,7
22:30740948:T:A,3
22:31330444:G:A,2
22:31361223:T:C,11
22:31502920:G:T,2
22:33218311:G:A,10
22:33938678:G:C,9
22:34455972:T:C,1
22:34463031:G:C,7
22:34498740:G:C,1
22:34623603:T:C,3
22:35197309:C:T,14
22:35417114:G:A,9
22:35679947:G:A,4
22:36200399:T:C,7
22:37002595:A:G,7
22:37803225:G:C,1
22:38340400:C:G,2
22:38370824:G:A,10
22:38489466:C:T,2
22:38730129:G:A,11
22:41515424:C:T,1
22:42273283:C:A,2
22:42688671:A:C,1
22:42753747:G:A,12
22:44301929:C:G,2
22:44385626:G:A,1
22:44414525:G:C,2
22:45111007:C:T,2
22:45128548:C:G,5
22:46403128:G:C,2
22:48357596:C:G,2
22:48955440:G:T,2
22:49201927:C:G,14
22:49531782:T:C,2
22:49615182:C:A,11
22:49766439:G:A,7
22:49856712:C:G,0
22:49919845:G:A,2
22:50530470:G:C,4
22:50835471:A:G,3
2:10123305:C:T,2
2:102667658:G:T,1
2:103606625:T:G,2
2:10450061:C:T,2
2:104584893:A:G,9
2:106496624:G:C,1
2:106742220:G:T,3
2:106760419:G:T,1
2:108664511:C:T,2
2:110896396:C:G,14
2:11260362:T:A,9
2:112699779:C:G,13
2:115536106:C:T,11
2:115542677:T:C,7
2:115602437:A:G,1
2:115868714:G:A,1
2:116058518:G:C,1
2:116417022:C:G,2
2:116864537:G:A,4
2:120247527:G:A,9
2:1209772:T:C,10
2:121360067:G:C,1
2:122642277:C:A,14
2:123449017:A:G,11
2:123468803:C:T,2
2:124342044:C:T,1
2:1254797:C:A,1
2:126666307:G:A,14
2:126963182:C:A,1
2:127013176:T:C,1
2:127252632:C:G,3
2:127608845:G:A,2
2:127689213:G:T,2
2:1292391:A:C,3
2:129918629:C:A,11
2:130482848:G:A,2
2:13259393:T:C,6
2:133911996:G:T,1
2:13420903:G:T,2
2:134241944:A:G,1
2:134731432:C:G,14
2:134945667:T:C,2
2:135757747:G:A,2
2:138911713:G:C,2
2:139842743:C:G,1
2:140213661:T:G,1
2:143858602:C:G,8
2:143858608:A:G,8
2:144197201:G:A,6
2:144639102:G:C,2
2:145046489:G:A,14
2:145084567:G:C,11
2:145538119:T:A,11
2:148092323:C:T,5
2:15161589:C:T,7
2:151618199:C:G,11
2:152386592:A:T,4
2:154410408:C:G,1
2:154698328:G:A,2
2:155044027:C:T,1
2:15598080:G:A,1
2:15719399:G:C,1
2:157403677:C:T,2
2:157594071:T:C,5
2:15905320:C:G,1
2:164130277:C:T,14
2:164167120:T:A,7
2:164291226:C:T,5
2:164908711:G:T,1
2:165085923:A:G,2
2:165634566:C:G,1
2:167687242:C:G,14
2:168040788:C:T,10
2:16892584:G:A,0
2:169319720:A:G,1
2:169436411:T:C,14
2:175572670:G:T,14
2:175652257:G:C,1
2:17693469:G:T,4
2:17791927:T:A,11
2:179654258:A:T,2
2:17997261:G:C,7
2:17998811:A:G,14
2:18209664:C:A,1
2:18457721:T:G,11
2:18489225:T:A,1
2:185166055:C:A,1
2:18605865:T:A,2
2:186893077:A:G,1
2:188471577:T:G,11
2:19044349:A:G,3
2:192209872:G:C,1
2:19487974:G:C,2
2:19495934:C:A,13
2:195678799:G:T,10
2:19753861:T:C,1
2:197753038:T:G,2
2:198838003:G:A,2
2:199358600:C:A,2
2:199722261:C:A,2
2:200134542:G:A,6
2:200134555:A:G,6
2:200134576:C:A,6
2:200134577:A:T,6
2:200231267:G:T,11
2:200676105:T:C,6
2:20081244:G:T,1
2:201082571:G:C,4
2:201283975:C:G,7
2:2020656:T:G,3
2:2029901:A:T,7
2:205864272:T:C,0
2:205932125:C:T,5
2:20728588:T:C,11
2:208173848:T:A,2
2:20958975:C:G,1
2:210635993:G:T,1
2:210873975:G:T,11
2:215575909:A:T,2
2:215733764:G:A,1
2:215749122:C:A,1
2:215789632:T:A,2
2:21624919:A:T,14
2:216748462:C:A,1
2:216880069:G:A,11
2:22007555:C:G,14
2:220273015:C:T,8
2:220322443:C:T,1
2:220731298:C:G,2
2:220861525:T:C,2
2:22088398:C:G,2
2:221328049:A:G,2
2:221330093:T:C,1
2:22243348:G:C,1
2:222645422:G:C,4
2:222774356:G:C,2
2:225571623:T:C,1
2:225590142:T:C,1
2:227138668:C:G,3
2:228166250:T:C,8
2:22822565:C:G,1
2:228518275:C:T,1
2:229892239:G:T,14
2:23002641:C:G,2
2:23025711:T:C,4
2:230516623:C:A,2
2:230816530:A:C,8
2:231078286:A:C,7
2:231284636:T:C,2
2:231328848:G:A,2
2:237653677:T:C,2
2:239478339:C:G,1
2:23948821:C:G,1
2:241045218:A:T,1
2:242648591:G:A,6
2:25959565:T:G,2
2:26486805:G:A,2
2:26822096:T:C,11
2:27934776:C:G,3
2:2892153:G:C,4
2:30521260:A:G,12
2:3058805:T:C,5
2:30624648:G:C,2
2:30624810:C:T,10
2:31045156:G:A,1
2:31289694:C:T,1
2:31622249:G:A,2
2:31922590:G:T,2
2:32283144:A:C,2
2:32605913:C:T,1
2:34669714:G:C,3
2:34977065:G:A,0
2:35231528:C:T,2
2:35815037:A:G,4
2:36355749:G:A,2
2:3828251:A:G,14
2:3828795:G:C,10
2:3964609:T:C,3
2:39774566:G:C,1
2:40018439:C:G,1
2:40224292:G:A,14
2:40318389:G:A,3
2:40762328:T:G,2
2:40878711:A:T,1
2:41100690:C:T,2
2:41115120:G:C,1
2:41193517:C:A,2
2:41842991:G:T,11
2:42012164:T:A,1
2:42277000:G:A,7
2:42360452:T:C,11
2:42921418:A:G,8
2:4378743:T:C,1
2:44833199:T:C,3
2:44931528:G:C,4
2:46018840:G:C,2
2:48077127:A:G,2
2:48084630:G:T,10
2:48665617:A:G,2
2:48800002:C:G,2
2:48910793:T:C,1
2:49187310:G:T,2
2:49187311:G:T,2
2:49208022:G:A,7
2:49570625:C:G,14
2:50154659:G:C,1
2:50280259:C:T,1
2:50521089:T:C,6
2:50828478:T:A,7
2:51342682:G:C,2
2:51581178:C:A,1
2:51939046:G:C,1
2:52039656:C:T,12
2:53122474:A:T,1
2:54375762:C:T,2
2:55943197:T:C,2
2:55960432:C:T,0
2:56032769:T:C,10
2:56543711:C:G,1
2:56734926:T:C,1
2:57139379:T:A,2
2:57139402:C:G,1
2:57333958:G:C,3
2:57447906:C:G,2
2:57618583:T:A,14
2:5802776:T:C,2
2:58429743:G:C,9
2:58526197:C:G,1
2:58604897:C:A,12
2:58715518:T:A,2
2:59914150:T:C,1
2:60310164:T:C,4
2:61032178:C:T,2
2:61131973:G:A,1
2:61944937:A:T,1
2:63377593:T:C,2
2:63606213:G:C,2
2:64876923:C:T,7
2:65251326:C:A,1
2:65603688:C:T,2
2:66173347:C:A,0
2:66356807:A:G,3
2:66591619:A:C,2
2:66591644:A:G,2
2:67669319:G:C,1
2:67669368:G:T,1
2:67669461:G:C,1
2:67669521:G:T,1
2:68924464:C:T,14
2:70044908:A:C,2
2:70615951:G:C,11
2:7195749:C:G,11
2:72288350:T:C,2
2:72340212:G:C,2
2:73186867:G:A,2
2:7423871:C:T,12
2:7455249:C:T,2
2:74572560:C:T,1
2:74614895:C:T,1
2:75825007:C:G,4
2:76144451:T:C,1
2:76208234:C:T,1
2:76226095:T:C,12
2:76495752:T:C,2
2:76846869:G:A,2
2:76913321:C:T,2
2:76988138:A:T,2
2:76995196:G:A,1
2:77153739:G:T,10
2:77153752:G:T,0
2:77437091:T:A,2
2:78078981:G:C,11
2:78417842:C:T,1
2:78475978:T:G,2
2:79074095:G:C,4
2:79093723:T:C,10
2:7913645:A:T,7
2:79508029:C:T,11
2:79525424:C:T,2
2:79647155:T:C,1
2:80068417:C:G,2
2:80078162:C:T,8
2:80120473:C:G,2
2:80550992:T:G,2
2:80658782:G:A,9
2:80809830:C:A,11
2:80882882:C:A,11
2:80882883:C:G,11
2:81442963:T:C,2
2:81623594:C:T,1
2:82744957:A:C,2
2:83349283:C:T,3
2:84377776:C:T,11
2:85993160:C:T,1
2:86099107:C:A,11
2:89148442:T:C,2
2:95646974:G:C,2
2:98675587:C:A,1
2:993105:G:C,3
3:101659297:G:T,2
3:101909381:A:C,10
3:102770826:T:C,6
3:103223194:A:G,1
3:10758873:C:T,1
3:107702875:G:A,9
3:109947127:G:A,7
3:110615936:G:C,1
3:111395287:C:G,2
3:114160278:G:C,2
3:116306036:C:A,2
3:118371007:A:C,2
3:119401843:T:G,2
3:120469659:C:T,0
3:123855336:T:C,11
3:124959407:G:A,11
3:126450402:C:A,3
3:127023879:A:T,3
3:128306381:A:G,2
3:128334767:G:T,7
3:12955925:G:A,1
3:133423510:G:T,0
3:134591005:C:A,0
3:135270388:T:A,10
3:135587576:A:C,4
3:136377235:T:A,1
3:136779922:A:T,1
3:136842840:A:G,2
3:137480903:G:A,2
3:138354799:A:C,7
3:139696355:G:C,3
3:142602157:T:A,1
3:143297311:C:T,2
3:143847065:C:G,5
3:144153799:G:T,2
3:144233703:A:G,2
3:144483567:G:T,11
3:145144776:T:G,2
3:145562772:A:C,2
3:145833682:C:A,1
3:146281237:C:T,2
3:146583207:T:C,1
3:146699468:G:T,1
3:146765851:G:C,1
3:146862592:G:C,2
3:147130279:C:A,10
3:147377283:C:T,10
3:147724802:T:G,7
3:148111952:G:C,2
3:148170544:T:A,2
3:148205766:A:G,5
3:148288050:A:G,1
3:148400171:G:T,2
3:149640357:C:A,1
3:150995724:A:G,2
3:151866204:G:A,5
3:152510701:T:A,7
3:153146929:T:C,1
3:153365372:C:G,1
3:153490903:G:A,2
3:155028538:C:G,1
3:155790043:C:T,2
3:155855107:C:A,1
3:155897889:A:G,1
3:155929518:C:T,2
3:156709718:T:A,2
3:157505736:C:A,2
3:157780561:A:G,1
3:157880619:A:C,1
3:158375164:G:T,1
3:159268959:T:G,1
3:160647441:T:A,2
3:160670697:C:G,3
3:162627984:G:A,3
3:162941369:T:C,2
3:163251323:A:G,2
3:163442826:T:C,2
3:163617368:A:T,1
3:163823976:A:G,12
3:163982614:T:A,1
3:164783367:T:G,12
3:165333084:G:C,1
3:165788501:G:C,1
3:166020647:A:C,0
3:166463560:A:G,2
3:167191004:C:A,1
3:167211720:C:G,2
3:167776413:T:C,1
3:168381931:T:A,2
3:168632067:T:C,2
3:168762410:G:T,1
3:168787595:A:T,1
3:168877781:C:A,1
3:169563900:T:G,2
3:170031851:G:A,1
3:171260984:T:A,2
3:173328209:A:C,1
3:17336084:T:C,2
3:173391310:A:T,14
3:173559084:G:A,1
3:173648708:C:T,2
3:174168931:T:A,1
3:174233931:G:A,1
3:174349066:C:G,1
3:174791210:G:T,4
3:175278044:T:G,2
3:175380965:A:T,2
3:176007669:G:A,2
3:176470797:A:G,4
3:178543719:G:A,3
3:178843574:A:G,2
3:179858460:T:G,2
3:181076477:C:G,2
3:181674188:C:A,4
3:182018795:A:G,7
3:182022378:G:C,1
3:184168686:C:T,1
3:18443841:C:T,14
3:188021711:A:G,14
3:190443550:G:A,11
3:191230146:A:G,1
3:19127500:C:G,1
3:192217839:C:G,14
3:193286184:G:A,1
3:193536943:G:A,4
3:193656905:C:T,10
3:1943402:G:A,2
3:195973581:C:T,1
3:19647160:A:C,1
3:196517377:G:C,2
3:197465447:C:G,14
3:20260239:T:C,7
3:21625300:T:C,1
3:22998812:A:G,1
3:23056138:C:T,2
3:23070633:G:T,1
3:23221449:T:C,1
3:2438265:A:T,1
3:24398408:T:A,2
3:25477576:T:G,2
3:26447075:C:G,1
3:2670448:T:A,2
3:27009705:A:G,1
3:28665325:T:A,2
3:2971596:A:C,3
3:29925741:C:A,2
3:3022124:A:G,1
3:30873098:T:G,2
3:31291249:A:G,7
3:31535312:A:C,2
3:32001791:C:A,13
3:33697542:T:C,1
3:35115079:T:G,11
3:35115134:T:A,2
3:35124538:C:A,2
3:35740444:C:A,2
3:35801290:C:T,1
3:36838057:T:G,1
3:37703374:G:C,2
3:37962283:A:G,2
3:38557016:C:T,0
3:41670677:G:A,2
3:418811:G:T,4
3:43236841:C:G,0
3:44998766:C:G,11
3:47302671:C:A,1
3:48674595:G:T,1
3:49709678:T:G,1
3:511573:G:A,3
3:51514871:C:T,2
3:54401586:G:C,1
3:56561157:A:G,2
3:572740:G:A,2
3:59813097:T:G,1
3:60286769:C:T,1
3:6227548:C:A,1
3:6288345:A:G,1
3:68952998:C:A,2
3:72778248:T:A,1
3:7522114:T:A,1
3:7602171:T:A,2
3:7640425:G:T,3
3:7666002:T:C,2
3:7841461:G:C,2
3:7896617:A:G,1
3:8511845:G:A,1
3:85348862:C:A,11
3:8751388:C:T,4
3:88029915:G:C,1
3:89986952:C:A,4
3:9147130:C:T,1
3:93828537:G:A,13
3:94457850:G:T,4
3:94657518:C:T,4
3:95384506:T:C,2
4:103341640:G:T,0
4:103700042:A:G,1
4:117522748:G:C,1
4:123018056:A:G,1
4:123451382:T:G,2
4:124043254:C:A,6
4:126411431:C:T,1
4:144465014:G:A,0
4:144465041:C:T,0
4:149900116:G:A,2
4:1583188:G:A,6
4:164296116:C:G,1
4:164737495:T:G,0
4:164880028:C:T,2
4:168750582:G:A,11
4:171209582:C:G,6
4:172539348:A:C,5
4:173003651:G:T,2
4:173287752:G:T,1
4:173356194:G:T,1
4:173951240:T:C,0
4:174804451:A:G,3
4:175368936:A:G,1
4:177411015:C:T,5
4:177447269:C:G,1
4:180091903:G:A,4
4:180388109:G:T,14
4:181729495:C:T,1
4:182813006:A:G,1
4:183011811:T:A,2
4:183018620:A:G,2
4:183989999:G:C,2
4:185516628:C:T,1
4:187068506:C:G,2
4:187875246:G:C,1
4:18859829:A:T,1
4:188731749:C:A,2
4:190111989:T:C,2
4:190228365:T:A,2
4:190455410:T:A,7
4:19134774:C:A,2
4:2441123:G:C,1
4:25929007:G:C,1
4:27386350:G:T,1
4:29945263:A:G,1
4:30083565:G:A,4
4:30455897:G:A,1
4:30599064:A:G,2
4:31891488:C:A,10
4:32079158:T:A,2
4:32805241:G:A,11
4:33797370:G:C,1
4:35028382:A:C,2
4:35184448:G:T,1
4:35291087:G:C,11
4:36338414:G:T,11
4:36425070:C:A,14
4:37196413:G:A,1
4:38300802:G:A,2
4:3839802:C:G,2
4:3860553:C:A,1
4:41934721:A:C,1
4:43185353:C:T,7
4:43936362:A:C,4
4:44833768:A:T,11
4:45392885:C:A,5
4:45958891:T:C,1
4:46084726:T:G,14
4:4611750:C:G,0
4:47821899:A:C,7
4:4813863:G:T,0
4:4877306:C:G,4
4:5099582:A:C,1
4:5132961:C:A,2
4:56437264:A:C,2
4:56744049:G:C,1
4:58281494:T:C,7
4:5856360:G:A,1
4:59069459:C:T,2
4:59238882:C:T,1
4:6052710:T:G,2
4:60565736:A:G,2
4:60889105:G:C,2
4:61671941:T:C,1
4:6197477:C:A,2
4:62472283:G:C,2
4:63311721:T:C,2
4:65021424:C:T,3
4:66404131:C:G,14
4:68130901:T:C,13
4:70722741:G:T,4
4:70723072:G:A,9
4:70723124:G:C,9
4:70723291:G:C,11
4:72073167:T:C,7
4:73137352:G:A,11
4:73262633:G:A,9
4:74129881:G:C,7
4:74556636:C:T,3
4:7559815:C:A,0
4:7972097:G:A,10
4:85237368:G:T,8
4:87975964:C:G,2
4:89661789:A:G,1
5:100749493:G:C,1
5:106674481:T:G,7
5:107240143:G:C,3
5:107410891:T:G,3
5:108355030:A:C,1
5:109255365:C:T,1
5:109840189:A:C,2
5:111159002:G:A,9
5:111394957:G:C,11
5:113098820:T:A,2
5:113757828:A:C,1
5:114219995:A:G,11
5:115022523:T:G,3
5:1162647:G:T,2
5:116800108:T:C,4
5:117871686:T:A,1
5:118060862:G:A,7
5:118745693:T:G,0
5:120109656:G:A,2
5:120387386:G:A,5
5:12074873:C:G,2
5:120908845:T:C,1
5:121788624:T:A,1
5:122087349:C:G,7
5:122924589:T:G,2
5:123036656:C:G,14
5:123341527:A:G,2
5:124785327:C:T,1
5:125527951:A:G,0
5:132235460:A:G,1
5:132459036:G:A,10
5:132652558:G:C,2
5:132890908:A:G,1
5:133568467:C:T,1
5:134667968:C:G,2
5:134678353:G:T,1
5:137915101:G:A,11
5:138279358:C:G,1
5:138726067:C:A,2
5:142066049:G:C,2
5:145808097:G:C,2
5:145871849:G:C,2
5:146185487:C:G,7
5:146188149:C:T,1
5:146189131:G:A,11
5:146881975:G:A,4
5:147054934:G:A,1
5:148021677:A:G,2
5:148700444:C:G,2
5:150444018:C:T,5
5:150478811:C:T,2
5:150481034:A:G,5
5:151237708:C:T,8
5:151845281:A:G,10
5:152331799:G:A,2
5:152411324:G:C,5
5:152927383:G:T,4
5:152944169:A:G,11
5:153999656:T:C,7
5:155109505:C:T,1
5:155608476:T:A,1
5:155980916:C:T,2
5:158081163:G:A,1
5:158118962:C:G,2
5:158224102:G:A,2
5:159128780:C:G,2
5:160618089:C:A,2
5:160700765:T:C,4
5:160847593:C:T,11
5:160963220:G:T,2
5:161050331:C:T,9
5:16158705:G:T,1
5:162798150:C:T,2
5:164147912:G:A,1
5:165544290:G:A,8
5:166345012:G:C,14
5:166470526:G:C,1
5:166559567:T:G,1
5:168770865:G:T,8
5:169260669:G:A,1
5:169345176:A:T,1
5:172171205:G:C,1
5:172871711:G:A,1
5:172976750:A:T,1
5:174029120:G:C,7
5:175005231:T:C,1
5:175074062:T:C,2
5:1765242:G:A,2
5:176727320:C:A,2
5:177039305:G:T,10
5:177654947:G:A,0
5:177730869:G:A,7
5:178572001:C:A,1
5:179392275:C:A,8
5:180388244:C:G,2
5:18641932:G:A,2
5:18976900:A:T,9
5:26212911:C:T,2
5:26603489:T:C,1
5:29935209:C:A,1
5:32333229:G:C,2
5:35228837:G:C,2
5:35503461:C:G,1
5:41558957:T:C,1
5:45721469:G:A,2
5:60979673:T:G,2
5:66117572:G:C,1
5:71153918:C:A,1
5:72739637:G:C,1
5:74248466:C:T,2
5:81590702:C:A,0
5:82815023:T:G,1
5:8418011:A:G,1
5:90393089:G:C,1
5:99385668:G:A,8
5:99386555:G:A,0
6:100233496:G:C,11
6:100790918:A:C,7
6:101004527:T:G,2
6:101141126:A:C,11
6:101149933:G:T,1
6:101442135:G:T,4
6:101709372:G:A,2
6:101824554:T:G,11
6:101906824:C:T,7
6:102409222:A:G,2
6:103586965:C:T,1
6:104205383:G:C,4
6:104841741:C:T,3
6:104997028:G:A,12
6:105024444:A:G,3
6:106144033:C:A,12
6:108656500:C:T,2
6:109015304:G:A,0
6:10903155:G:C,10
6:111383033:G:T,1
6:112149932:G:A,14
6:11261361:C:G,11
6:113682475:C:T,10
6:114785481:G:T,2
6:116203423:T:C,4
6:116789516:T:C,14
6:117813398:T:G,2
6:118355286:G:C,1
6:118914469:C:T,14
6:119294673:A:G,13
6:119940888:G:C,2
6:120065493:C:T,2
6:121705878:A:G,11
6:123581729:T:C,4
6:12361940:T:A,2
6:124439159:G:T,1
6:125442204:C:A,2
6:127002410:G:C,11
6:127222601:C:T,5
6:127889651:T:G,0
6:127954009:T:G,4
6:128803963:A:C,1
6:129359763:C:G,1
6:131274377:G:C,7
6:13138307:A:C,2
6:131512659:G:C,0
6:132401819:C:T,11
6:134014586:A:C,3
6:134363594:C:G,2
6:134864674:T:G,1
6:1350505:G:A,2
6:135183322:T:C,2
6:137447273:A:G,4
6:13787847:G:C,2
6:138438773:T:A,2
6:140353374:G:C,11
6:140560744:G:T,1
6:141105680:C:T,1
6:143533272:A:T,2
6:144578693:C:A,4
6:14542763:G:T,1
6:147398203:C:A,2
6:148059800:T:C,1
6:148104975:T:G,5
6:149499648:G:T,2
6:149581439:G:A,14
6:150485222:G:T,14
6:152284493:A:C,13
6:152504059:T:G,10
6:152539454:C:G,4
6:152964267:G:C,2
6:153454380:C:G,11
6:153965648:A:G,1
6:15458671:T:G,1
6:154644548:T:C,0
6:154657241:G:A,7
6:155345789:A:T,10
6:155451209:C:G,1
6:15703018:A:G,14
6:157041080:G:C,3
6:157049171:G:T,1
6:15750101:C:T,12
6:157863145:G:C,10
6:157934945:A:T,1
6:157940324:T:C,2
6:159521597:T:G,7
6:160475209:C:G,2
6:161071870:T:G,2
6:163486470:G:T,0
6:163503342:T:C,2
6:164012195:C:A,2
6:165095053:C:A,1
6:165264659:C:T,2
6:16583819:G:T,2
6:16608490:T:A,14
6:166117251:C:A,10
6:167925474:G:A,0
6:16954236:C:A,2
6:169810225:C:A,0
6:169888044:C:A,10
6:170535448:T:G,1
6:170864320:T:A,1
6:17238625:C:G,2
6:17342075:C:G,1
6:18917906:A:G,11
6:19259168:G:A,2
6:19395179:A:C,2
6:19689952:G:C,2
6:19929042:C:T,2
6:202685:G:C,14
6:20270640:C:T,12
6:20520486:T:C,1
6:20819559:G:C,2
6:21726844:C:T,14
6:21862332:C:G,2
6:22032208:C:T,2
6:22621634:T:C,1
6:22696798:C:T,11
6:23057756:A:G,1
6:23084648:C:T,2
6:23126081:C:T,1
6:23196615:C:T,14
6:23445636:T:C,1
6:23552143:G:T,7
6:23610514:G:C,2
6:23803359:C:G,9
6:24395333:G:A,1
6:25366747:C:T,12
6:25462271:G:T,3
6:26066238:G:C,2
6:26155995:C:G,11
6:26514080:G:A,11
6:26612132:G:A,2
6:27366815:G:C,1
6:27372098:A:C,0
6:27391000:C:A,2
6:28196526:T:C,3
6:28346770:G:A,1
6:29202198:T:C,1
6:30322161:A:C,12
6:30523290:G:A,1
6:30659531:C:T,2
6:32289061:T:A,4
6:34063095:C:A,1
6:34415888:G:T,2
6:3535529:G:C,9
6:37761230:C:G,2
6:3798816:G:C,4
6:38484145:T:C,1
6:38858586:C:T,1
6:39401810:C:T,1
6:39722582:G:C,2
6:39812627:T:A,7
6:40454442:A:C,3
6:41603350:G:A,14
6:421156:A:G,11
6:43169075:A:G,7
6:43267976:A:G,1
6:43913502:C:T,1
6:44088848:G:T,2
6:44356541:G:C,2
6:4447722:A:G,2
6:45077413:T:C,2
6:45719234:C:G,2
6:45742042:G:C,13
6:46056688:A:C,2
6:46065528:G:C,1
6:46503950:T:G,2
6:46716165:G:T,2
6:47771043:T:A,2
6:48624273:T:A,1
6:48880620:G:T,1
6:48910622:A:G,1
6:49189853:A:G,7
6:49344235:T:G,14
6:49576860:G:A,12
6:49668582:G:C,2
6:50153538:T:G,3
6:50382343:G:C,11
6:50947446:C:A,2
6:51255072:C:G,1
6:51277670:T:A,2
6:51432144:G:C,1
6:5154599:T:C,10
6:51788066:C:A,2
6:52980782:C:G,7
6:53000655:T:G,1
6:54292498:G:T,1
6:54887085:T:C,1
6:55819437:T:C,2
6:56395393:T:C,1
6:56729837:A:G,1
6:57641412:A:G,2
6:57992776:C:A,1
6:62590915:T:C,14
6:62659148:A:C,2
6:62701722:A:G,1
6:63004394:G:C,2
6:63381378:T:G,1
6:63423041:T:C,1
6:63580943:T:C,1
6:63583411:C:A,1
6:63706285:G:T,2
6:63978619:C:A,3
6:64592078:C:G,1
6:64892121:T:A,1
6:65076665:G:C,14
6:65551859:G:C,2
6:65572790:C:G,2
6:65814183:T:C,2
6:65836864:G:A,3
6:66579560:T:G,7
6:66579561:C:T,7
6:67020696:T:A,1
6:67308280:T:A,2
6:67447163:C:T,1
6:67753914:A:C,1
6:68279526:G:C,2
6:6896976:T:G,9
6:69595084:G:C,14
6:71706197:A:G,1
6:72677379:G:A,1
6:73306700:T:A,2
6:7331194:T:C,4
6:74565440:G:T,2
6:76421927:T:G,2
6:76486176:A:G,1
6:7725495:C:G,1
6:77702095:G:A,1
6:78601664:T:C,2
6:78770061:A:T,7
6:82489162:C:G,1
6:85434804:C:T,3
6:8680699:T:G,14
6:87165316:A:G,1
6:88217435:T:G,2
6:88719985:T:C,1
6:88720005:A:C,1
6:90137924:T:C,4
6:90853386:C:A,4
6:9241883:C:T,11
6:93905280:C:G,0
6:9575849:C:G,2
6:9575860:A:C,2
6:96330170:C:G,1
6:96387952:T:C,8
6:97332073:G:A,5
6:97699058:T:C,1
6:9779406:A:C,14
6:98302411:G:A,5
6:98304531:G:C,7
6:98348149:A:G,8
6:98774748:G:C,2
6:99014749:C:A,1
6:99999503:G:C,2
7:100237975:T:C,0
7:101006357:G:C,1
7:101067080:C:G,11
7:101441895:A:G,1
7:101842104:C:T,0
7:101855580:G:A,1
7:104214182:C:G,5
7:107955723:T:C,8
7:109314505:C:A,4
7:109830739:A:G,7
7:110317716:G:T,4
7:110424462:C:G,14
7:112725951:C:A,1
7:114095647:C:G,2
7:114185903:T:C,2
7:115261501:G:T,0
7:115584142:G:T,10
7:115619855:G:A,1
7:116341901:A:T,3
7:117375107:T:C,2
7:117712896:G:C,2
7:118186358:T:A,5
7:119066031:G:T,14
7:119066032:C:T,14
7:11949157:C:T,10
7:119924218:T:A,4
7:120563620:G:A,1
7:121096073:C:A,4
7:12135853:C:T,1
7:122229080:C:A,4
7:122761885:G:T,1
7:123449175:G:T,10
7:124651771:T:C,2
7:124852451:T:G,2
7:125413906:T:G,2
7:12560434:C:G,2
7:125626919:C:A,1
7:125805029:A:T,2
7:125839967:A:G,2
7:126510904:G:C,2
7:126890030:A:G,9
7:127194903:G:C,1
7:127545988:G:A,1
7:129032759:C:A,0
7:13102817:C:T,14
7:133234180:A:C,4
7:133304323:C:G,1
7:133686414:G:C,0
7:135226010:G:T,2
7:135751651:C:T,9
7:136271262:G:A,2
7:136468889:C:T,1
7:136502809:G:C,1
7:139496998:A:G,1
7:141708725:C:A,6
7:14378999:G:C,2
7:144923104:C:A,2
7:145336186:G:A,1
7:146410909:C:A,2
7:146798031:G:A,2
7:147364345:G:T,0
7:147948595:G:C,2
7:148701657:C:G,12
7:152704226:C:G,1
7:152706145:T:G,2
7:152706164:G:T,2
7:152796546:C:T,4
7:153292859:C:G,1
7:153379604:A:T,2
7:154122331:G:C,1
7:154859040:T:A,2
7:155051704:G:C,1
7:155302589:G:A,1
7:155448485:T:C,1
7:156150984:T:C,10
7:157718963:C:T,11
7:18295869:G:A,2
7:18535699:G:C,1
7:19864213:C:G,2
7:20707133:G:A,1
7:2071167:G:A,1
7:20797020:G:A,1
7:21115044:G:T,0
7:21797148:A:G,2
7:21831638:G:C,11
7:21949212:T:C,1
7:2311264:G:A,11
7:24104541:T:C,1
7:24973685:T:C,7
7:25243794:G:C,1
7:25908323:G:C,4
7:26199401:G:C,5
7:26579948:A:G,2
7:26770885:G:A,2
7:27114665:A:C,2
7:31746486:G:C,9
7:32179800:C:G,4
7:32283164:T:G,2
7:33807830:G:A,11
7:34415755:G:T,14
7:35360808:T:C,9
7:36488940:G:A,9
7:36768838:A:G,2
7:38168155:C:G,4
7:40586870:C:G,1
7:42078284:C:T,1
7:43074797:T:G,2
7:44978188:G:C,7
7:45749408:C:T,1
7:46957901:T:C,1
7:4796840:T:C,2
7:48044912:C:A,6
7:49914397:C:G,10
7:50679563:C:T,1
7:51295865:G:A,0
7:52022260:C:A,2
7:52022261:C:G,2
7:52365363:T:A,11
7:5239294:G:T,0
7:52445749:T:C,2
7:54397925:C:A,2
7:54632089:G:A,2
7:63575461:G:T,7
7:66212989:C:G,1
7:67128381:C:T,8
7:67444510:G:T,2
7:68320924:G:C,2
7:68796941:G:A,8
7:70417101:A:G,1
7:70442977:T:A,1
7:70695697:C:A,11
7:71497825:G:T,1
7:71764229:C:A,2
7:73910566:G:A,14
7:76027397:T:A,1
7:78081404:C:T,2
7:78706155:G:C,1
7:79518488:T:C,2
7:80378524:G:A,1
7:81288462:T:C,2
7:84208239:G:T,1
7:84404511:G:A,2
7:8573745:A:C,1
7:86493654:A:C,1
7:87363217:C:A,1
7:87564817:A:T,1
7:88454460:G:T,4
7:88721387:T:C,1
7:89650059:T:G,3
7:89893559:A:T,5
7:90928279:A:T,2
7:92383032:G:A,1
7:9305535:A:C,2
7:93511961:T:A,1
7:94291582:A:T,5
7:944853:G:A,1
7:96460798:G:A,2
8:100415379:C:G,2
8:100717251:C:T,1
8:101300520:C:G,2
8:101367982:C:G,1
8:102161320:T:G,1
8:103254929:T:A,12
8:103482823:A:C,1
8:104118213:C:G,3
8:105208878:T:A,2
8:105284502:A:C,1
8:105418753:G:C,1
8:105551975:T:A,2
8:105813788:T:C,1
8:105984181:G:T,4
8:106057581:A:T,2
8:106167685:C:G,4
8:106573593:G:C,7
8:107359786:T:G,11
8:108184893:G:A,1
8:1091978:T:C,1
8:109401308:G:C,2
8:109877063:C:G,6
8:1101413:A:C,2
8:110365636:C:T,2
8:1108733:G:A,4
8:110899886:G:C,9
8:111454970:C:G,1
8:111655101:G:A,1
8:112277888:C:T,2
8:112470187:G:T,14
8:112564670:A:G,1
8:112913767:C:G,7
8:112965105:A:G,3
8:11296601:G:A,7
8:113322324:A:T,2
8:113448836:T:A,2
8:113919032:C:A,2
8:113967835:G:C,2
8:114750978:C:A,1
8:114982735:A:C,2
8:116185973:C:T,2
8:116231421:G:C,10
8:116286138:A:T,0
8:117191616:C:T,2
8:117533139:C:A,2
8:118138073:G:C,1
8:118354244:T:C,14
8:119226234:C:G,1
8:119479837:A:G,1
8:121992388:A:C,2
8:122683936:A:G,2
8:122765424:C:A,11
8:122827866:G:C,11
8:123324801:G:C,1
8:123385845:G:C,10
8:123473885:T:G,7
8:123548007:C:T,1
8:123614934:A:G,3
8:123617959:G:A,14
8:123752115:A:C,14
8:124003838:G:A,11
8:1242220:C:T,1
8:124847787:T:C,3
8:124948331:C:T,1
8:124987118:G:C,1
8:12584280:C:A,2
8:126282217:G:A,1
8:126791804:C:A,1
8:127400641:T:C,1
8:127519820:G:A,7
8:128189012:C:T,14
8:128657786:G:C,10
8:128702446:G:A,2
8:129662885:C:G,7
8:129785497:G:A,2
8:129996051:C:G,2
8:130046066:A:C,3
8:130131232:C:G,1
8:130396388:G:A,4
8:131124014:C:A,2
8:131753103:G:C,1
8:131792422:A:G,4
8:132159441:A:T,2
8:132353126:C:T,3
8:132393222:C:T,1
8:133058051:C:A,1
8:133635799:A:C,11
8:134199942:T:C,1
8:134523745:C:G,7
8:135210650:G:T,11
8:135607583:A:C,3
8:135937678:A:G,2
8:13597154:C:T,2
8:136098450:C:G,1
8:136696317:C:T,1
8:136852837:G:T,3
8:136943622:C:T,1
8:137023602:G:A,14
8:137168112:C:G,4
8:137176798:C:T,9
8:137215337:C:T,7
8:137216232:A:C,2
8:137336362:A:T,2
8:137586584:T:G,1
8:137632937:A:G,2
8:138046633:C:G,2
8:138414275:A:T,7
8:138469923:A:C,2
8:138783704:A:G,2
8:138958727:G:T,1
8:138963232:C:A,1
8:139024660:C:G,1
8:139064091:T:A,1
8:139064234:C:T,1
8:139111798:C:A,2
8:139114982:G:A,1
8:139116380:G:T,8
8:139430952:T:C,2
8:139441509:T:A,9
8:139981734:A:T,7
8:140140618:G:T,5
8:140526363:G:T,1
8:141043029:G:A,2
8:141333166:G:T,2
8:142248252:C:T,1
8:142731863:G:T,4
8:143132030:G:T,2
8:144032475:C:T,1
8:144107431:C:G,1
8:144117396:T:C,1
8:14435949:C:A,2
8:144374010:G:C,2
8:145164623:C:T,2
8:1604848:T:C,10
8:16111712:G:C,1
8:1623030:G:C,2
8:1747072:C:G,9
8:1865197:C:T,4
8:18978917:G:C,2
8:1937155:C:A,1
8:19515705:T:C,8
8:20044561:A:T,1
8:20272500:T:C,1
8:20323534:G:C,1
8:21210796:C:G,10
8:22241251:T:C,7
8:2243570:C:T,1
8:2256327:T:A,0
8:2273221:T:A,2
8:23116113:G:T,4
8:23988398:G:T,2
8:25145866:A:T,1
8:2556265:C:T,14
8:2609686:C:G,13
8:2635896:G:C,7
8:26680971:G:T,2
8:2824943:C:T,14
8:284052:T:G,1
8:28627753:C:G,2
8:29107951:G:A,2
8:2935587:G:A,13
8:2935757:C:T,2
8:2994282:A:T,7
8:3019859:G:C,2
8:3019950:G:C,1
8:3020420:A:G,2
8:3020653:G:C,2
8:3020710:G:A,2
8:3023652:G:C,3
8:3024265:G:T,1
8:31139276:T:A,3
8:31146388:T:G,2
8:31539412:C:G,2
8:3169908:A:C,11
8:32401453:G:A,1
8:32663506:C:G,2
8:34162601:C:A,2
8:34162602:T:C,2
8:34248529:C:T,2
8:3427934:G:A,2
8:34314114:G:T,2
8:34333282:C:G,11
8:34631184:C:G,1
8:34782797:A:T,2
8:34908138:T:C,2
8:35534716:G:T,1
8:36046563:C:G,13
8:36771511:T:G,14
8:3683661:C:T,1
8:37484135:A:C,6
8:38599281:A:C,1
8:4028709:C:A,13
8:40287990:C:T,2
8:409479:G:A,4
8:4140367:G:C,1
8:4150151:T:A,1
8:41621180:G:C,2
8:4166265:G:C,11
8:43701881:A:T,14
8:43712892:C:G,1
8:4500566:G:T,2
8:47220954:G:T,6
8:4785232:G:C,9
8:49840433:A:T,1
8:50594687:C:A,2
8:50603985:C:T,1
8:50625565:G:A,1
8:50794268:T:A,1
8:50893232:T:C,1
8:50894753:G:A,1
8:5103462:A:C,8
8:51753832:A:T,3
8:51855443:A:G,1
8:53582008:T:G,1
8:53582011:T:C,1
8:53915416:G:T,1
8:54018583:C:G,2
8:55053630:C:T,14
8:55189840:A:C,1
8:55308154:C:G,4
8:55475879:C:A,5
8:55555416:C:T,2
8:55810834:C:T,1
8:56233900:T:C,1
8:56399695:G:A,2
8:5649162:T:C,1
8:56534391:C:T,2
8:56921109:G:T,2
8:57077253:A:C,12
8:57124646:C:A,1
8:57124647:C:G,1
8:57663333:C:T,1
8:57673357:A:G,1
8:57857664:T:C,1
8:58354416:A:G,1
8:58674383:C:A,2
8:58997432:G:A,9
8:59110115:A:T,1
8:59439695:T:A,3
8:5974373:A:T,2
8:59953242:A:G,0
8:60010946:A:C,1
8:60774139:A:T,2
8:6114711:C:A,1
8:61815405:A:C,1
8:62023947:C:A,2
8:62348211:T:C,1
8:62959151:G:C,1
8:63244574:A:G,2
8:63458994:G:A,3
8:63641648:G:C,2
8:63706269:G:T,7
8:63712910:T:C,1
8:63723780:T:C,2
8:64852164:C:G,2
8:65033716:A:G,1
8:66401455:C:G,2
8:67033323:G:C,2
8:68713720:C:T,2
8:68779388:G:T,2
8:69717552:T:G,2
8:69739641:C:T,2
8:69840805:C:T,11
8:70280615:G:C,2
8:70372313:G:T,3
8:704302:C:A,1
8:70470052:A:T,1
8:70888449:A:G,14
8:71276366:G:C,11
8:71426701:T:C,11
8:71560410:C:T,2
8:72326164:G:T,2
8:73248890:T:C,1
8:73593911:A:G,5
8:73783612:T:C,2
8:74298540:A:C,2
8:75170396:G:C,4
8:75619109:G:A,8
8:756323:C:T,1
8:75896452:G:C,2
8:76446774:G:C,1
8:76516229:C:A,12
8:76888000:T:C,1
8:78568939:T:G,2
8:79138567:C:G,1
8:79578938:G:A,1
8:80134098:G:A,5
8:80639131:G:A,12
8:82853891:G:T,1
8:83676663:A:G,1
8:83735270:G:A,2
8:84444004:A:T,2
8:84572858:A:T,14
8:84623034:C:A,1
8:84948652:G:A,4
8:85009274:T:G,1
8:85279985:G:C,14
8:85342713:A:C,2
8:86080901:G:A,2
8:86164743:C:T,7
8:87313103:G:A,2
8:87370159:C:A,2
8:87751347:T:A,7
8:88254094:T:A,1
8:88268818:C:T,7
8:88369210:A:C,14
8:88577574:G:T,1
8:89082570:G:T,2
8:89342855:A:G,1
8:89798320:C:T,11
8:89877816:C:T,1
8:89965319:G:A,1
8:90032904:G:T,2
8:90086711:G:A,1
8:90093774:G:A,4
8:90189716:T:C,1
8:91453044:T:A,0
8:93284756:G:C,1
8:93483645:C:A,3
8:93506754:T:C,14
8:93554192:A:T,1
8:93560970:T:A,1
8:93592517:A:G,3
8:93627460:T:C,1
8:94029015:C:T,2
8:94072481:T:C,1
8:94430785:T:C,1
8:94438670:C:T,1
8:94445117:G:A,1
8:94570567:A:C,14
8:94757086:G:C,1
8:95461278:A:G,9
8:96032843:A:G,1
8:96431163:G:C,1
8:96483407:T:G,1
8:96495168:G:T,2
8:97144876:G:T,2
8:97373364:G:A,1
8:97741149:G:T,14
8:97742133:C:A,2
8:97742134:A:G,2
8:97979219:G:C,10
8:98063882:C:G,2
8:98273985:G:A,1
8:98275313:A:G,1
9:100764587:C:A,5
9:10149474:T:C,1
9:10266094:C:A,4
9:102694346:C:T,11
9:102909477:G:C,1
9:103268295:A:G,3
9:104106275:G:C,12
9:104455754:G:C,7
9:104671710:C:A,11
9:104944545:C:T,4
9:105762457:G:C,7
9:106582730:A:G,7
9:106838341:C:T,1
9:107285256:G:C,2
9:10754703:A:G,11
9:108487139:A:G,2
9:111045043:A:C,3
9:111533786:T:C,2
9:111602437:C:T,2
9:112328375:C:T,1
9:112739164:C:T,0
9:112759989:C:G,12
9:112813767:G:A,7
9:11336210:G:T,2
9:113734698:G:C,1
9:114007931:G:C,2
9:115060892:A:G,2
9:115331312:A:T,14
9:116953189:T:C,8
9:116976708:T:G,2
9:117054842:C:G,10
9:117676032:C:A,3
9:118524000:C:A,2
9:118895916:A:G,2
9:119309830:G:T,2
9:119614683:G:T,5
9:120543168:T:A,3
9:122154497:T:C,5
9:122213433:C:G,3
9:122281488:C:T,2
9:122426687:A:G,5
9:122427689:C:T,2
9:122480130:A:C,1
9:12302533:T:G,8
9:124074474:G:A,1
9:124400045:G:A,2
9:126837143:G:C,4
9:127670637:C:G,11
9:128141102:C:T,1
9:129225640:T:G,9
9:1301187:A:G,1
9:130633433:C:T,10
9:132412763:G:A,8
9:134238591:T:C,10
9:134398632:T:C,11
9:136260307:C:T,1
9:13642220:G:A,2
9:136992622:C:G,1
9:138137420:T:C,11
9:13841628:C:G,1
9:138445784:G:C,2
9:138505648:A:G,10
9:140138474:G:C,14
9:14196992:T:C,2
9:14614938:C:A,0
9:15077258:G:C,2
9:15121765:G:C,11
9:15529908:C:T,0
9:1659294:G:T,0
9:16727313:G:T,2
9:16732083:G:A,2
9:16903699:C:G,2
9:1738827:C:A,2
9:1920654:A:T,1
9:19628435:C:G,1
9:19814192:C:A,3
9:20051408:T:A,7
9:20509174:T:G,11
9:20898392:G:T,4
9:21040040:T:C,3
9:21543327:C:G,1
9:21835935:T:C,0
9:22099649:T:A,1
9:22543942:C:A,14
9:23155216:C:G,14
9:23207557:T:C,2
9:23286998:T:C,2
9:23341191:G:C,2
9:23441960:A:C,14
9:24140159:G:C,10
9:25036397:G:C,13
9:25212935:G:C,1
9:25644520:G:C,1
9:26203579:C:G,5
9:27167753:G:T,1
9:27480994:C:T,2
9:27701658:G:A,5
9:27804755:G:A,14
9:27915855:C:A,2
9:28594847:A:G,7
9:29255770:T:G,2
9:29714058:T:G,1
9:30047063:C:A,3
9:30973418:A:C,11
9:31106999:T:C,14
9:31576344:A:G,11
9:31741233:G:C,9
9:32086984:A:C,2
9:328836:G:C,1
9:3345887:G:C,4
9:340768:G:T,4
9:34157188:C:T,11
9:34467037:C:T,1
9:3509213:C:G,1
9:3628238:T:C,2
9:3647766:G:A,1
9:37621925:G:A,2
9:38404016:C:G,7
9:38424867:T:G,3
9:38701318:T:A,2
9:38704028:C:G,10
9:4148011:C:G,2
9:4701889:C:T,11
9:4846180:A:T,11
9:4874346:G:A,14
9:5024986:C:T,3
9:573137:G:T,4
9:5741366:C:G,11
9:6273214:A:G,1
9:7032126:G:A,1
9:71417733:A:C,3
9:71427868:C:T,9
9:71469391:G:A,7
9:72526293:C:T,1
9:73312149:C:T,1
9:73975413:T:C,1
9:74100912:G:C,3
9:74887014:G:T,8
9:75200763:C:T,10
9:75428559:T:A,1
9:76114143:A:G,1
9:76131076:T:C,2
9:76983408:T:C,1
9:77019191:G:A,1
9:78664031:G:T,14
9:78758890:C:G,2
9:78914084:G:T,7
9:79351771:A:C,10
9:80627869:C:T,0
9:80969536:G:A,7
9:81528405:C:T,1
9:8186974:G:A,2
9:82242129:G:T,8
9:82277557:A:G,2
9:83115387:G:A,11
9:83204248:T:C,10
9:83220798:A:T,1
9:83220876:G:A,1
9:83375463:A:T,10
9:8456823:C:G,1
9:85699247:T:A,3
9:85735709:C:A,1
9:86545346:G:A,1
9:87080531:T:C,7
9:87492575:C:G,14
9:8846378:G:C,2
9:88873756:T:C,0
9:88929304:G:A,11
9:90066786:C:G,3
9:90598186:C:G,7
9:92017870:G:A,13
9:92794597:A:G,1
9:93503281:G:C,2
9:93833775:C:G,4
9:93835715:G:A,4
9:94006558:A:T,0
9:94424991:G:A,11
9:94561150:G:T,11
9:96256167:C:T,2
9:96658067:T:A,12
9:97852779:G:A,5
9:98279381:C:A,4
9:99001053:A:T,7
9:99231058:A:C,1
X:101141208:T:C,2
X:104877895:C:A,2
X:106530063:C:G,2
X:106543129:T:C,1
X:108712082:G:A,4
X:112208642:G:T,1
X:133383714:C:T,1
X:13368446:A:C,2
X:145583727:A:G,9
X:145842320:A:G,14
X:146628084:G:C,9
X:146862884:C:T,3
X:147648432:T:C,10
X:147708592:C:T,11
X:148429555:G:A,11
X:149252205:C:G,3
X:149932351:G:A,7
X:153534101:G:A,2
X:153626996:T:A,5
X:153737729:T:A,9
X:19760805:T:A,1
X:20452424:C:T,6
X:22487647:C:T,2
X:2793071:G:A,1
X:28661382:C:T,1
X:39783738:A:G,4
X:42104385:G:A,2
X:44693815:C:G,1
X:49575515:C:G,2
X:49896002:T:A,1
X:6265729:G:A,0
X:64200845:G:C,2
X:66833002:G:T,1
X:68789667:C:G,11
X:69113794:T:C,4
X:69504079:T:G,9
X:7076272:G:C,2
X:71136963:A:C,2
X:73133560:A:G,1
X:75528804:A:T,2
X:76737009:G:A,9
X:77301677:C:T,10
X:77582481:C:T,11
X:78932290:T:C,2
X:80647312:C:T,4
X:81790000:A:G,7
X:81929942:G:C,1
X:82243411:C:T,7
X:83017431:G:C,1
X:90540809:G:C,1
X:93511021:C:G,1
X:93755654:C:T,2
X:94766744:C:G,1
X:94780915:G:C,1
X:97106390:A:G,2
X:97502891:G:C,2
X:98064274:A:G,2
X:99621379:C:T,3
